,B cells,EPCAM+ cells and cholangiocytes,Hepatocytes,LSEC,"NK,NKT and T cells",Stellate cells and myofibroblasts
0,0.0011783384,0.007342474,0.8495618,0.07743227,0.057434924,0.00705021
1,0.18897086,0.0010357767,2.761565e-06,0.45551708,0.33577996,0.018693585
2,0.00026332555,0.052297026,0.7231992,0.050857462,0.14186347,0.03151959
3,0.0020637356,0.17069,0.7584208,0.04242416,0.004821689,0.021579608
4,0.7937832,0.0024878853,0.057869423,0.056563955,0.08784393,0.0014515789
5,0.19256803,0.010563008,0.3139921,0.044837918,0.43307352,0.004965424
6,0.41632026,0.16586062,0.21319932,0.17657845,0.0032504376,0.024790969
7,0.0007739181,0.0011499857,2.8518214e-06,0.7574484,0.19421813,0.046406705
8,0.84411556,0.001594076,3.354306e-05,0.09523755,0.04648289,0.012536354
9,0.61362404,0.005687025,0.2554913,0.03182072,0.09289154,0.0004854381
10,0.13902618,0.023888204,0.45623705,0.18769485,0.16617972,0.026974011
11,0.88386106,0.0018034287,3.4261087e-05,0.032507494,0.08145801,0.00033571382
12,0.005760996,0.0057746815,0.49401087,0.10858524,0.34611776,0.039750453
13,0.016216584,0.016617903,0.81382406,0.022847753,0.11800424,0.0124895265
14,0.05434412,0.007307251,0.70857453,0.13391499,0.07191309,0.02394608
15,0.0002512764,0.1351288,0.59278053,0.1540432,0.070225924,0.047570314
16,0.00033507665,0.09458376,0.87298834,0.011997,0.004078706,0.016017143
17,0.00038271304,0.0077226236,0.8577921,0.010451851,0.11093728,0.012713456
18,0.12833627,0.49580312,0.25966105,0.085081495,0.013096476,0.018021611
19,0.0007178707,0.008023126,0.9139665,0.015396155,0.049118422,0.012777995
20,0.0009783295,0.5182977,0.09509759,0.12897268,0.20546567,0.051188182
21,0.0017159043,0.24974775,0.28707612,0.30026522,0.14645277,0.014742245
22,0.0029065653,0.012358678,0.7776543,0.012911285,0.1878685,0.0063007027
23,0.0010383448,0.04327054,0.74467504,0.0055200877,0.18677264,0.018723309
24,0.29869843,0.3807981,0.0015360862,0.0481848,0.25415146,0.016631091
25,0.0018771423,0.4800057,0.00038217506,0.10548837,0.40071017,0.011536506
26,0.029686322,0.29838684,0.000106655585,0.58475566,0.014229934,0.07283463
27,0.0005634214,0.021815136,0.57151556,0.036542248,0.32755572,0.04200801
28,0.21530542,0.022903953,0.068451494,0.20212527,0.45148656,0.03972734
29,0.0010028842,0.15995747,0.6834759,0.12526724,0.0042313444,0.026065184
30,0.38877746,0.017703878,0.23611784,0.0067765033,0.3478918,0.0027325514
31,0.22056268,0.0023146046,1.2458127e-05,0.090996645,0.68462384,0.0014897875
32,0.0046941675,0.57099956,0.00048995076,0.14117388,0.27248803,0.010154422
33,0.00079455256,0.009067727,0.76172394,0.018797558,0.19596738,0.013648864
34,0.014737092,0.027297165,0.68858963,0.10525211,0.1335917,0.030532362
35,0.35605472,0.0008741216,1.3160764e-06,0.38188812,0.23830934,0.022872396
36,0.09735286,0.00657506,0.53604,0.13441744,0.19992095,0.02569367
37,0.024215344,0.003941735,2.5568312e-05,0.04908345,0.9207507,0.0019832018
38,0.0016883548,0.018757595,0.537994,0.2652741,0.13210835,0.044177566
39,0.0018178774,0.00071691285,1.4266887e-07,0.660723,0.30380565,0.03293639
40,0.07757638,0.018252406,0.7076696,0.15460129,0.0022537883,0.039646544
41,0.015575589,0.0007363519,2.5929992e-07,0.17003077,0.8092023,0.004454767
42,0.006470567,0.6418891,0.112672605,0.13694647,0.08122903,0.02079219
43,0.0008860241,0.06337109,0.74785244,0.11296154,0.061717637,0.013211227
44,0.00034597263,0.21696623,0.65583855,0.03483987,0.07495849,0.017050892
45,0.0003164173,0.008157951,0.8930427,0.0054636565,0.08986373,0.0031555768
46,0.000537483,0.013267818,0.87492096,0.009509132,0.0967638,0.00500083
47,0.048868515,0.008871698,0.7690873,0.010158294,0.15509826,0.007915932
48,0.11475044,0.08590442,0.5542275,0.1243531,0.07716127,0.043603253
49,0.7027107,0.063685596,0.14571665,0.038659032,0.04658659,0.002641453
50,0.26684526,0.003586032,0.38615423,0.012585935,0.31421003,0.016618565
51,0.20415552,0.2253179,0.26812488,0.11722731,0.115511715,0.069662705
52,0.24105361,0.35066047,0.00032692842,0.10368569,0.2995471,0.004726158
53,0.043782607,0.04864675,0.67244923,0.18034162,0.006830974,0.047948863
54,0.65192896,0.0026586049,0.28540447,0.05348721,0.0048856973,0.0016350988
55,0.00023697969,0.0178193,0.94730633,0.004052952,0.028480405,0.0021039846
56,7.846706e-05,0.108958505,0.78160393,0.035175785,0.03371521,0.040468086
57,0.002643151,0.22149079,0.4223912,0.18913507,0.11908837,0.045251362
58,0.83296585,0.0046520554,0.038021605,0.061469253,0.057669915,0.0052211783
59,0.0046712076,0.028362187,0.0004744985,0.5630276,0.3012456,0.10221885
60,0.0012817242,0.10817,0.68186677,0.113726385,0.06343967,0.03151551
61,0.06434459,0.005476248,0.834688,0.018974504,0.06488114,0.011635556
62,0.001067841,0.07960695,0.6688438,0.015366078,0.20736967,0.027745688
63,0.013310833,0.0070730927,0.10254591,0.2869409,0.1838173,0.40631196
64,0.0012405074,0.18915763,0.55442625,0.15429832,0.07531,0.025567355
65,0.11719264,0.109326586,0.5348608,0.1013638,0.064559646,0.07269653
66,0.20797604,0.5354976,0.014161048,0.06841254,0.15571527,0.018237442
67,0.281475,0.0009993109,5.1035977e-07,0.36261114,0.34300748,0.011906569
68,0.0012389834,0.061340947,0.9055837,0.011725185,0.0009021113,0.019209158
69,0.0004101803,0.03113752,0.33839813,0.49773633,0.113820106,0.018497694
70,0.19499233,0.018155733,0.5304396,0.016292041,0.23556577,0.0045545124
71,0.10167966,0.0057082647,0.5991014,0.13447991,0.14074288,0.018287787
72,0.00029462625,0.4410253,0.3212318,0.068075456,0.114459656,0.054913145
73,0.0022582763,0.5175284,0.00052862935,0.13272797,0.31333014,0.033626586
74,0.034725033,0.1446481,0.6063521,0.1577609,0.023255264,0.03325864
75,0.0004384711,0.008994912,0.81599736,0.14897309,0.003462134,0.022133987
76,0.0007322977,0.0079033645,0.7931885,0.010377112,0.026093867,0.16170482
77,0.012818593,0.30347708,0.41770747,0.1502088,0.069441915,0.046346124
78,0.19001096,0.0031404607,1.3230991e-05,0.12601559,0.6645931,0.016226618
79,0.0015006725,0.007611944,0.5066923,0.25616035,0.20680611,0.021228634
80,0.7338122,0.0054194685,0.19028005,0.030656626,0.037094466,0.0027371424
81,0.12580018,0.13949512,0.5834794,0.08052399,0.0053741634,0.065327115
82,0.23253547,0.033462696,0.16777302,0.33379474,0.17896092,0.053473182
83,0.6793106,0.05637529,0.11205648,0.1083063,0.024154533,0.019796709
84,0.0034190787,0.15312338,0.49999884,0.18213852,0.14851858,0.012801634
85,0.025526702,0.009954034,0.91148204,0.0047313175,0.038912553,0.009393378
86,0.004975123,0.03836514,0.7032108,0.05920822,0.15896891,0.0352719
87,5.4570235e-05,0.015190604,0.89792293,0.067747496,0.0018409247,0.017243437
88,0.118799664,0.01815972,0.6463379,0.07719148,0.1110312,0.028480062
89,0.0015026217,0.016844528,0.7114157,0.16984442,0.058284417,0.042108282
90,0.029884314,0.41906857,0.117375374,0.34017432,0.0039891936,0.0895083
91,0.0015040691,0.011931088,0.5885688,0.17183614,0.19985089,0.02630897
92,0.0013644526,0.03413261,0.4852589,0.16129674,0.29714838,0.02079895
93,0.08795489,0.035822116,0.5295786,0.17380823,0.14537513,0.02746091
94,0.11926174,0.10837388,0.49153164,0.15908314,0.081726305,0.04002331
95,0.003130707,0.25314713,0.41629574,0.2614817,0.04025277,0.025691938
96,0.08320322,0.043415,0.49862707,0.11067466,0.25072032,0.01335971
97,6.450829e-05,0.11005293,0.73337305,0.009996311,0.11058788,0.03592533
98,0.040225636,0.42734545,0.0010594511,0.17031378,0.3211674,0.039888367
99,0.7801247,0.10133211,1.7173128e-05,0.05461585,0.06272969,0.0011804237
100,0.00026050655,0.052990913,0.91410846,0.0050048996,0.023385933,0.004249299
101,0.35459885,0.010512566,0.23066029,0.14528173,0.24723028,0.011716304
102,0.2688159,0.19473933,0.40052494,0.028702494,0.08279409,0.02442329
103,0.0017732846,0.14825398,0.60144186,0.15896463,0.059751105,0.029815197
104,0.17720169,0.0074225436,0.4984923,0.14586984,0.15907115,0.011942445
105,0.0004682191,0.01631167,0.86157626,0.0064641917,0.09668796,0.018491736
106,0.11033335,0.20415404,0.22407241,0.07841326,0.36561608,0.017410837
107,0.00030903373,0.18503162,0.78399557,0.021081774,0.0016213515,0.0079606045
108,0.06886361,0.16768382,0.46535397,0.17123863,0.098446675,0.028413257
109,0.0030592056,0.5407277,0.37429214,0.049613744,0.022059541,0.010247696
110,0.084281705,0.12403228,0.6298541,0.044750985,0.09180728,0.025273632
111,0.00055060175,0.013882926,0.24213374,0.6592185,0.0017648112,0.082449436
112,0.0104251895,0.24676235,0.126601,0.0880197,0.48554218,0.04264962
113,0.0028318968,0.115375385,0.709893,0.1484229,0.0041775564,0.019299269
114,0.14704432,0.0060753296,0.3447623,0.10966008,0.36823142,0.024226615
115,0.17142509,0.35442093,0.2598931,0.03545051,0.17416382,0.0046465783
116,0.00013284243,0.09505126,0.7944449,0.019186059,0.0673901,0.023794796
117,0.0006187643,0.40113437,0.32225788,0.037898842,0.19113751,0.046952732
118,0.04571193,0.05830928,0.7589793,0.023555528,0.10365416,0.009789781
119,0.10169658,0.22533807,0.43990707,0.10296362,0.0917983,0.03829633
120,0.012732165,0.010447827,0.2872249,0.3281063,0.33590198,0.025586786
121,0.11079351,0.37418982,0.2592897,0.15227906,0.0034050616,0.10004291
122,0.0018969744,0.44447386,0.3441941,0.12735793,0.02618387,0.05589318
123,0.0018828142,0.16854368,0.51508385,0.1410008,0.12632956,0.047159337
124,0.71832156,0.006754528,1.20043605e-05,0.14066352,0.12794651,0.0063018203
125,0.00026722366,0.004654848,0.81966585,0.10859808,0.06334986,0.0034641917
126,0.0006490077,0.010463403,0.7990714,0.027025482,0.14156194,0.02122879
127,0.14906454,0.009765946,0.70308214,0.010740014,0.123230696,0.004116601
128,0.001618331,0.016290002,0.65337193,0.2644278,0.007994929,0.056297045
129,0.0044269986,0.022400662,0.7948875,0.13914946,0.012753175,0.026382225
130,0.003939547,0.2580212,0.0003035272,0.65769917,0.009383207,0.070653275
131,0.0555318,0.008834433,0.80261797,0.010582326,0.118732676,0.0037007723
132,0.0005431765,0.011510909,0.6377553,0.3035617,0.0047123744,0.04191653
133,8.255438e-05,0.10823459,0.77611095,0.03919428,0.06386782,0.012509786
134,0.000600756,0.07445693,0.67947125,0.16582893,0.025918925,0.053723194
135,0.0016149811,0.25137508,0.580784,0.13049759,0.0057390877,0.029989235
136,0.0020730423,0.5592689,0.13019958,0.1568691,0.099994354,0.051594988
137,0.0008204718,0.004763865,0.7663225,0.01596679,0.20510583,0.007020563
138,0.005423976,0.006131954,0.21604154,0.4920264,0.23180118,0.048575006
139,0.13318302,0.015953874,0.6102495,0.091107555,0.12048653,0.029019408
140,0.08421008,0.07658004,0.7372134,0.09222495,0.0037862433,0.005985331
141,0.0010472587,0.015618353,0.8255532,0.11882203,0.0058762277,0.033082932
142,0.0017993766,0.05484784,0.85950327,0.024477854,0.052981004,0.006390634
143,0.00038692882,0.10846439,0.7608916,0.017097473,0.09551371,0.017645879
144,0.0007301822,0.0076396787,0.7833419,0.04984282,0.13680114,0.021644257
145,0.049254704,0.0076963906,0.82498735,0.0050907787,0.11130537,0.0016654037
146,0.0027210857,0.013487488,0.514392,0.007816404,0.46002248,0.0015605597
147,0.0022855308,0.5221711,0.09549626,0.15294752,0.16507323,0.06202638
148,0.09402185,0.0066607012,0.57838595,0.17228597,0.11114782,0.037497703
149,0.07897645,0.25259,0.3780336,0.17060407,0.0749871,0.04480873
150,0.0015895648,0.009204585,0.6885607,0.26336214,0.0044247983,0.032858144
151,0.002920825,0.0238948,0.5903552,0.23239313,0.120573595,0.029862443
152,0.08709138,0.015194831,0.35995618,0.34121388,0.18047275,0.016071038
153,0.0067831986,0.095503435,2.3063483e-05,0.45028618,0.4158431,0.031561084
154,0.0010263445,0.008473025,0.7851315,0.08659467,0.08947831,0.029296134
155,0.1418661,0.37624174,0.23659606,0.074664585,0.1457151,0.02491638
156,0.0006762114,0.10889033,0.6652263,0.13045713,0.066335335,0.028414674
157,0.07334093,0.019414918,0.71169746,0.013448717,0.1708715,0.011226507
158,0.057258178,0.022889413,0.7172059,0.15725839,0.025172876,0.020215197
159,0.117765926,0.034338873,0.48964643,0.10167755,0.19931051,0.05726072
160,0.0013209697,0.011386409,0.77014923,0.018455422,0.19061922,0.008068731
161,0.0062173926,0.22743824,0.22929987,0.3068817,0.16087751,0.06928527
162,0.011158492,0.0069170883,0.5767644,0.18095163,0.19994976,0.024258634
163,0.0008831967,0.09032096,0.705322,0.047015958,0.11608515,0.04037277
164,0.026826557,0.06327095,5.572408e-05,0.051966716,0.8392694,0.018610658
165,0.002402803,0.17169146,0.12542151,0.47989857,0.16156648,0.059019126
166,0.0016731286,0.1648456,0.5849967,0.14302458,0.07450784,0.030952124
167,0.000211777,0.09916338,0.8506711,0.01555997,0.024262859,0.010130935
168,0.0014806979,0.056407295,0.2383999,0.36519805,0.33040395,0.008110118
169,0.8009614,0.0026078685,3.548284e-05,0.1494366,0.039590754,0.0073678754
170,0.0018128634,0.0009241237,1.293578e-06,0.7080788,0.21525703,0.07392585
171,0.15760796,0.07148712,0.48463827,0.14127283,0.101698615,0.04329527
172,0.002081917,0.15687802,0.35729983,0.40839487,0.057228338,0.018117024
173,0.008470415,0.12431597,0.7702426,0.013161326,0.060870178,0.022939555
174,0.015589149,0.0041570035,0.8162777,0.13289215,0.024148759,0.006935264
175,0.0009992346,0.045751777,0.7842414,0.031038625,0.13381803,0.0041508945
176,0.00074050215,0.3971411,0.31876025,0.1645353,0.013542529,0.10528025
177,0.0042855507,0.53863496,0.0005308207,0.05992888,0.3772343,0.01938556
178,0.0005906068,0.011582224,0.5678489,0.38723913,0.012178023,0.020561116
179,0.009304716,0.18024275,0.5295509,0.030528605,0.21310693,0.03726608
180,0.000571436,0.030521853,0.70871323,0.12227116,0.098334506,0.03958777
181,0.00084109855,0.05770375,0.6711343,0.010406162,0.23646037,0.02345433
182,0.06673129,0.2830712,0.37493956,0.042023864,0.21642107,0.016813032
183,0.002560088,0.018183714,0.7910828,0.15652215,0.016536828,0.015114382
184,0.7933431,0.06558719,0.00018972586,0.08830312,0.03876001,0.013816807
185,0.29541332,0.007597402,4.1509968e-05,0.05517089,0.639931,0.0018458735
186,0.004516389,0.0008846517,1.1320714e-06,0.63268757,0.28966975,0.07224046
187,0.018600501,0.008104904,0.15620168,0.0542365,0.7601982,0.0026583043
188,0.0005892583,0.010781867,0.9652645,0.017419184,0.0014489471,0.0044962084
189,0.06577642,0.0051171747,0.8462842,0.0049647037,0.0756479,0.0022095665
190,0.008861605,0.009418365,0.6115656,0.26975647,0.04957182,0.050826196
191,0.00025028517,0.0033213156,0.7971502,0.101443425,0.088094756,0.00974
192,0.14432661,0.010002582,0.5342533,0.053877864,0.24263489,0.01490479
193,0.051560387,0.0038541076,9.478786e-06,0.038374227,0.9044929,0.0017088535
194,0.00044209367,0.011387211,0.82479876,0.036788777,0.09513833,0.031444788
195,0.13015133,0.0045477115,0.44376025,0.10859409,0.29277307,0.02017359
196,0.0007560827,0.014452364,0.8356294,0.05524531,0.09075958,0.0031573107
197,0.26656798,0.07307829,0.38581586,0.014397983,0.23869589,0.021444019
198,0.0066641145,0.018356875,0.62492764,0.1340334,0.19647193,0.019546038
199,0.026381114,0.0024284364,1.18509515e-05,0.41831198,0.5356469,0.017219668
200,0.11719168,0.008355225,0.6938615,0.13347971,0.03987554,0.0072363825
201,0.23131432,0.031113718,0.27249822,0.18558744,0.26797864,0.011507683
202,0.0018446401,0.02361156,0.7174173,0.114856206,0.13008788,0.01218238
203,0.004405907,0.24862789,0.0008438408,0.35674116,0.32353967,0.065841556
204,0.071141936,0.024769532,0.5704743,0.16855858,0.1334205,0.031635087
205,0.0011322882,0.01980574,0.79486823,0.019201826,0.1479335,0.017058445
206,0.78611875,0.0019242102,2.9049661e-05,0.05059959,0.16010214,0.0012262232
207,0.0005309925,0.046458688,0.76362306,0.018432517,0.1532585,0.01769627
208,0.07811633,0.008515159,0.69597185,0.15597221,0.038918555,0.022505913
209,0.38779908,0.0015980283,0.38725668,0.11024883,0.100962,0.01213534
210,0.00010724299,0.22588074,0.6530711,0.042169217,0.05870166,0.020069964
211,0.071926184,0.0020509227,7.335423e-06,0.4790879,0.42186397,0.025063701
212,0.9018911,0.0016664696,0.027719084,0.028759161,0.039655473,0.000308679
213,0.011621821,0.1137885,0.49256074,0.26250833,0.10744801,0.0120725855
214,0.2910668,0.007168855,1.721022e-05,0.101159416,0.59841037,0.002177396
215,0.00020300924,0.10534448,0.87009007,0.009858987,0.0009799689,0.013523467
216,0.06957195,0.11820035,0.6628565,0.0323427,0.07942175,0.037606716
217,0.03242865,0.017868765,0.68374056,0.15135455,0.10473595,0.009871475
218,0.0018410998,0.04611285,0.5228908,0.209528,0.13625333,0.08337395
219,0.0525468,0.0038141024,1.2363615e-05,0.1464788,0.771814,0.02533393
220,0.32253164,0.0046713026,0.27492288,0.048028577,0.34693575,0.0029098678
221,0.007609267,0.008183046,0.8810554,0.0041045756,0.09655229,0.0024953773
222,0.112781055,0.028560461,0.61727005,0.09350527,0.12275781,0.0251253
223,0.0030867225,0.006685625,0.3395526,0.32072565,0.3169451,0.013004311
224,0.004426913,0.60794115,0.0011000632,0.31861052,0.012482818,0.05543859
225,0.86962765,0.004498986,7.56421e-05,0.09174536,0.027470218,0.0065822043
226,0.01846769,0.16706899,0.5171481,0.16350101,0.09580008,0.038014192
227,0.0042675673,0.014326074,0.78329587,0.0063032834,0.18995208,0.0018552017
228,7.820955e-05,0.052637063,0.7764095,0.033534363,0.09763389,0.039706983
229,0.001124033,0.5426453,0.04246663,0.31191376,0.020730194,0.08112014
230,0.0024683438,0.3859674,0.0003725688,0.23943913,0.3539379,0.017814731
231,8.855935e-05,0.3298196,0.3115,0.04967302,0.29097313,0.017945651
232,0.005239548,0.024201177,0.510604,0.21990877,0.1867898,0.05325671
233,0.156915,0.32239187,0.21235809,0.022153433,0.24406713,0.04211449
234,0.000367287,0.10994367,0.7360313,0.07685555,0.040642813,0.036159445
235,0.0007538265,0.10132821,0.5378238,0.33480424,0.0015063889,0.023783486
236,0.012313889,0.3453265,0.00032052465,0.28332853,0.32400462,0.03470598
237,0.0010696411,0.65969044,0.0005660231,0.12414856,0.20274492,0.011780428
238,0.0023677838,0.068217404,0.73842615,0.05216829,0.11945243,0.01936797
239,0.43269676,0.0056652487,0.48097295,0.0705506,0.005670497,0.004443928
240,0.0002835042,0.09817254,0.6897046,0.009264456,0.19864774,0.0039271233
241,0.0028133416,0.019144053,0.60921794,0.05569755,0.29678622,0.016340923
242,0.011641906,0.3360958,0.12350421,0.49968883,0.008289146,0.020780116
243,0.0018553031,0.01131263,0.7016942,0.053353656,0.22312397,0.008660226
244,0.001272336,0.10680847,0.6964649,0.15777804,0.0012516063,0.036424633
245,0.003369074,0.018626736,0.31848088,0.09134701,0.56628853,0.0018877856
246,0.0038292697,0.46865445,0.27542332,0.12023822,0.08083275,0.051021986
247,0.0032620444,0.03417265,0.38813105,0.38651657,0.099975154,0.08794252
248,0.0002350771,0.015130717,0.6984951,0.20585598,0.065350816,0.014932316
249,0.0055668014,0.004206541,0.8656141,0.030104341,0.08680986,0.0076983697
250,0.005743697,0.042765047,0.1326184,0.04884226,0.741841,0.028189626
251,0.90843016,0.0005011186,1.1723383e-05,0.01374,0.07725373,6.3247455e-05
252,0.005205282,0.25297546,0.16813664,0.54267955,0.0028292318,0.028173806
253,0.0017375557,0.006127714,0.9501224,0.025631608,0.0028362887,0.013544377
254,0.0019075604,0.009013079,0.61173815,0.19265717,0.16141888,0.02326511
255,0.00033700484,0.005438532,0.7867201,0.013717188,0.18131974,0.012467452
256,0.00073838123,0.035432246,0.8008594,0.04698051,0.08800781,0.027981624
257,0.18721208,0.36708745,0.34454188,0.047716215,0.04045944,0.012982881
258,0.0009302085,0.33256358,0.38340867,0.22169167,0.014799228,0.046606652
259,0.85230803,0.0024929782,0.08231012,0.036129043,0.026344532,0.0004152666
260,0.33118877,0.0008482404,2.8382553e-07,0.34252632,0.31664962,0.008786795
261,0.0065767546,0.016364709,0.47346142,0.12574677,0.35175523,0.0260951
262,0.004716382,0.35375533,0.26550096,0.12683773,0.17335562,0.075833954
263,0.11457009,0.0062801847,9.09714e-06,0.13824281,0.7362884,0.004609368
264,0.7024618,0.0022892081,0.22567977,0.029224083,0.039097525,0.0012476367
265,0.1633351,0.016004633,0.6647498,0.023954183,0.13010845,0.0018477933
266,0.010816745,0.003723229,1.1992138e-05,0.51404786,0.44303906,0.028361121
267,0.04847799,0.007450651,0.75283664,0.1111546,0.04678803,0.033292092
268,0.11114142,0.019034259,0.29029772,0.2192124,0.35004997,0.0102641815
269,0.2524459,0.0949346,0.36559168,0.16490658,0.10595348,0.016167773
270,0.00012030416,0.072045304,0.8927135,0.01319909,0.0035117888,0.018409941
271,0.11380472,0.02380872,0.6719599,0.147759,0.008875033,0.03379264
272,0.0024715203,0.023803774,0.55480677,0.23398095,0.11929816,0.06563887
273,0.06721287,0.078768335,0.6793911,0.020169755,0.13886863,0.015589249
274,0.016232772,0.020689588,0.34282482,0.22992407,0.35782105,0.03250769
275,0.0030912275,0.057679854,0.7692451,0.13475688,0.002247279,0.032979723
276,0.0026927015,0.0077263727,0.86358476,0.09093356,0.025649412,0.009413214
277,0.00056393543,0.014919324,0.8805563,0.06670637,0.02667524,0.010578811
278,0.3987268,0.16846815,4.98689e-05,0.2302439,0.18558435,0.016926927
279,0.0036405197,0.0067169135,0.4613418,0.02747506,0.49814236,0.0026833352
280,0.0083494,0.6272476,0.10504064,0.043504983,0.20985627,0.006001165
281,0.14984034,0.012282411,0.3056783,0.27062517,0.24659917,0.0149745615
282,0.018812753,0.093309164,0.69728374,0.060076714,0.12094018,0.009577502
283,0.00022951973,0.011290634,0.82366204,0.0344334,0.116063796,0.014320536
284,0.00083258096,0.14039387,0.7297878,0.07710467,0.016846852,0.035034195
285,0.0002588598,0.006109476,0.95602256,0.006825224,0.028744709,0.0020391075
286,0.0013625718,0.49046022,0.0003733073,0.09917559,0.40080673,0.007821547
287,0.00042192682,0.0057990337,0.8780142,0.013385346,0.094130635,0.008248849
288,0.17964073,0.23221742,0.3555024,0.15039234,0.0015333341,0.08071374
289,0.10297992,0.098558724,0.0006471878,0.121514335,0.17062065,0.5056792
290,0.001489086,0.08894872,0.25883427,0.02574947,0.61896276,0.006015626
291,0.102963395,0.010521463,0.6436208,0.032305118,0.16441174,0.04617748
292,0.008042686,0.44818172,0.0010291743,0.15341496,0.34797102,0.04136044
293,0.7503561,0.0868399,0.0015903285,0.029323608,0.13009053,0.001799546
294,0.023569813,0.005999988,0.5162212,0.07031349,0.29680198,0.08709355
295,0.031806447,0.0019529038,5.7462426e-06,0.6938256,0.21021013,0.06219918
296,0.18819624,0.03701054,0.51165426,0.024062853,0.23694728,0.0021288313
297,0.0007131496,0.42956108,0.30105403,0.035626493,0.15600425,0.07704098
298,0.000930617,0.013054006,0.8245825,0.03259419,0.111796826,0.017041909
299,0.0008244199,0.23492305,0.4980556,0.058963258,0.16689946,0.040334202
300,7.849331e-05,0.093935385,0.7576225,0.06953671,0.06284809,0.015978893
301,0.0033875809,0.027725035,0.40138698,0.24729724,0.26406625,0.056136884
302,0.029694034,0.008009433,0.6017813,0.08355235,0.24588467,0.031078251
303,0.23675667,0.0014127081,1.7123823e-05,0.08129699,0.6701496,0.010366962
304,0.0007099162,0.011947445,0.1560985,0.48779815,0.27570197,0.06774404
305,0.0020535968,0.3294668,0.00019438448,0.32086432,0.3166071,0.030813897
306,0.0017207932,0.010408581,0.7787083,0.12063726,0.017771712,0.070753366
307,0.56211877,0.010772743,8.608362e-05,0.1803225,0.23984154,0.006858335
308,0.002013033,0.20180164,0.54259557,0.18923415,0.007344432,0.057011258
309,0.21561046,0.0028012337,9.797103e-06,0.09384822,0.6851377,0.0025926132
310,0.3750102,0.010712799,0.39509505,0.12755294,0.06818551,0.023443483
311,0.0016821446,0.015387858,0.19789205,0.4325132,0.29824385,0.054280832
312,0.385269,0.07537894,0.40941143,0.06504069,0.033107772,0.03179213
313,0.024800485,0.2503512,0.00037354018,0.3614604,0.3150975,0.047916863
314,0.066616036,0.014351187,0.62935966,0.14638749,0.109985255,0.033300407
315,0.31843013,0.0023337218,4.9908722e-05,0.22366336,0.4439479,0.011574969
316,0.2536665,0.008680074,4.9006627e-05,0.21522719,0.5193535,0.0030237557
317,0.003150981,0.00834585,0.82244605,0.11364932,0.007218483,0.04518936
318,0.5926337,0.0090499045,0.2583544,0.084373765,0.049570423,0.00601777
319,0.04470567,0.047591407,0.74040747,0.02026445,0.12285926,0.024171792
320,0.00017007292,0.17488994,0.67157894,0.021166308,0.10846334,0.023731403
321,0.21598029,0.04038845,0.00041293105,0.2846735,0.4391484,0.019396394
322,0.00062785216,0.56453824,0.28280142,0.061558783,0.023819339,0.06665432
323,0.03182955,0.017848102,0.53830653,0.033096354,0.36802477,0.010894672
324,0.2155064,0.011898512,2.9574672e-05,0.46221226,0.2869486,0.02340465
325,0.026360448,0.02408155,0.7035572,0.1681036,0.012572451,0.06532478
326,0.0017921514,0.009863623,0.65051776,0.24100746,0.050416887,0.046402134
327,0.117744245,0.18346636,0.5634609,0.061234042,0.053600553,0.020493947
328,0.00018015725,0.027548267,0.7464444,0.089076966,0.11795062,0.018799579
329,0.002274811,0.009808194,0.93003625,0.00681838,0.047756985,0.0033054084
330,0.00087430194,0.009747141,0.5980694,0.2281377,0.107890196,0.055281263
331,0.00029945542,0.01137621,0.7502984,0.13964492,0.07550935,0.022871725
332,0.0015425024,0.011999821,0.77712274,0.12907097,0.061484136,0.018779887
333,0.06786549,0.14844234,0.48532704,0.13477567,0.12841468,0.035174824
334,0.0008472954,0.08200701,0.52466005,0.25631166,0.10833826,0.027835784
335,0.49652678,0.031222185,0.37465712,0.027824592,0.05333635,0.01643303
336,0.07045158,0.0030049752,0.68543935,0.11801234,0.09966015,0.02343163
337,0.0008659315,0.0028392025,1.9167868e-05,0.74167776,0.22920218,0.025395812
338,0.013075643,0.19499256,0.00012114284,0.14052492,0.61476606,0.03651965
339,0.103125915,0.04097163,0.52046925,0.18841703,0.13636751,0.010648614
340,0.0018472001,0.65126044,0.0034554894,0.2087078,0.11027801,0.024451077
341,0.22077303,0.011465099,0.34506136,0.14996368,0.22378065,0.048956186
342,0.023113282,0.009037522,5.9852195e-05,0.16676141,0.7909653,0.0100625735
343,0.0055501657,0.007898261,0.9054962,0.0348678,0.042084884,0.004102711
344,0.24091835,0.2920875,0.052647006,0.05065611,0.34927604,0.01441505
345,0.059622094,0.05214876,0.5625627,0.14487298,0.1486555,0.032137975
346,0.6627946,0.02340435,0.1935382,0.052775066,0.06404222,0.0034455627
347,0.00020183624,0.011715754,0.7175721,0.1580804,0.0879104,0.024519486
348,0.09236617,0.012701193,0.7998831,0.008155844,0.08532824,0.0015654655
349,0.0882752,0.031873625,0.29743162,0.28867042,0.26498628,0.028762884
350,0.00012456768,0.21176939,0.68205345,0.023038851,0.06180784,0.021205919
351,0.00023238483,0.029473463,0.27679327,0.6425751,0.002710395,0.048215404
352,0.004154761,0.26701316,0.06340616,0.076717906,0.5616527,0.027055321
353,0.00945654,0.0065675396,2.3697998e-05,0.5562099,0.3583521,0.0693902
354,0.013757416,0.04837197,0.6963347,0.18915641,0.0010396471,0.05133983
355,0.004142395,0.08537855,0.66275394,0.1280933,0.08782898,0.031802878
356,0.00054946326,0.014385545,0.7806833,0.12591626,0.05737664,0.02108882
357,0.00035059985,0.2685133,0.58657396,0.11470365,0.0019561043,0.027902415
358,0.0015300432,0.042079065,0.7747338,0.028246695,0.14697637,0.006434109
359,0.0022164762,0.0060198535,0.55887634,0.34913793,0.0040384876,0.07971094
360,0.04828148,0.01528741,0.7083616,0.18677509,0.011976656,0.029317744
361,3.6804257e-05,0.32354522,0.51624274,0.02948141,0.063668974,0.06702476
362,0.00060569955,0.08268227,0.7338891,0.035267416,0.11672765,0.030827884
363,0.00040107543,0.011102196,0.8773429,0.019794166,0.07700506,0.014354641
364,0.002943849,0.28482848,0.18824108,0.4888052,0.0067131533,0.028468184
365,0.0013131484,0.015434073,0.6285659,0.035446484,0.309487,0.00975342
366,0.0063524516,0.654262,0.00026991358,0.25113326,0.042007957,0.04597446
367,0.00023555844,0.010138872,0.5449972,0.31587756,0.10327797,0.025472805
368,0.004708116,0.38352826,0.0009323253,0.40949458,0.13483796,0.06649876
369,0.0128291985,0.22713438,0.33688375,0.30344614,0.072971724,0.046734784
370,0.00033140823,0.11021649,0.6884673,0.015186176,0.18136543,0.0044331755
371,0.00043817196,0.06600007,0.7728947,0.12913549,0.0009912997,0.030540302
372,0.0017072323,0.5046568,0.08629538,0.12411568,0.22627807,0.05694688
373,0.0039409595,0.2185483,0.342004,0.10943551,0.21497472,0.111096516
374,0.06783134,0.01105796,0.62170464,0.22726518,0.0035139022,0.068626955
375,0.012891253,0.01052968,0.28987736,0.19483894,0.007418931,0.4844438
376,0.6702666,0.0044507394,0.1550088,0.13892598,0.022036789,0.009310957
377,0.0002191333,0.099705376,0.7301381,0.01218355,0.15044896,0.007304823
378,0.07788878,0.02121218,3.3384764e-05,0.09228046,0.8071328,0.001452427
379,0.30981237,0.00933514,1.4981807e-05,0.371371,0.2669618,0.04250471
380,0.00204143,0.025233287,0.6588547,0.1772414,0.11623304,0.02039619
381,0.00083100563,0.03367845,0.4864433,0.34966767,0.09810508,0.031274453
382,0.00043391733,0.21124005,0.60176396,0.13578802,0.018767033,0.032007027
383,0.029271478,0.028007455,0.781738,0.11849006,0.00560326,0.036889806
384,0.00040089575,0.025477475,0.63666826,0.20145603,0.11925392,0.016743397
385,0.000863069,0.47190905,0.17603748,0.09807158,0.23926634,0.013852492
386,0.0010329948,0.0044543725,0.8663385,0.008659435,0.11053948,0.008975169
387,0.00075641216,0.006904774,0.6946366,0.08722301,0.17516308,0.0353162
388,0.0050404794,0.39624926,0.051095884,0.317389,0.20251678,0.027708651
389,0.0008645359,0.3304091,0.2272414,0.034124795,0.38494635,0.022413807
390,0.005479999,0.3165555,0.32367772,0.1433655,0.15771075,0.053210538
391,0.05096898,0.011889666,0.7718541,0.013563716,0.13000381,0.021719715
392,0.006100763,0.0016187421,5.3449194e-06,0.5910735,0.331091,0.07011065
393,0.1298934,0.003900572,1.2355082e-05,0.017569033,0.84761953,0.0010050964
394,0.00023840177,0.017830895,0.8340976,0.007272633,0.13692896,0.0036315033
395,0.0009960649,0.0068973773,0.65041226,0.13382393,0.17841904,0.029451359
396,0.002888542,0.4401013,0.26292837,0.19875085,0.009865336,0.085465625
397,0.0010901006,0.3103443,3.637542e-05,0.21748748,0.45556206,0.015479617
398,0.015428157,0.008271269,0.6886054,0.10879001,0.14375152,0.035153575
399,0.078183874,0.13794824,0.72745746,0.036458537,0.005203494,0.014748416
400,0.06358737,0.15795846,0.60629994,0.10468845,0.021757828,0.045707982
401,0.0026297353,0.25553414,0.46182674,0.11944402,0.11241238,0.04815302
402,0.00068845163,0.020387616,0.2990978,0.6209924,0.0019761955,0.056857526
403,0.17313601,0.29424202,0.0009985272,0.17023303,0.32858902,0.032801393
404,0.062544264,0.0032387471,0.7382214,0.11443802,0.06457333,0.016984152
405,0.0007550397,0.01907563,0.6782099,0.045127254,0.21836737,0.038464833
406,0.5938638,0.004828766,0.34606513,0.012600665,0.039235666,0.0034059996
407,0.0007602381,0.15233444,0.7344763,0.029728215,0.07334321,0.009357495
408,0.0005266026,0.04592206,0.57238966,0.1224864,0.22281936,0.03585589
409,0.0020763976,0.062130556,0.77032024,0.14273484,0.008626111,0.01411184
410,0.001187613,0.008962497,0.89340425,0.009924701,0.07966862,0.0068523535
411,0.0008596891,0.2262426,0.00083961355,0.5659632,0.15456043,0.051534496
412,0.00050137955,0.0845983,0.72738105,0.06197919,0.118254624,0.00728549
413,0.2601815,0.353895,0.093692064,0.06199468,0.18541837,0.044818427
414,0.20869572,0.0066958987,0.4202431,0.0605862,0.2946267,0.009152336
415,0.08474309,0.02514414,4.5725836e-05,0.12871015,0.75645477,0.004902089
416,0.0002349622,0.22458342,0.68516207,0.020158906,0.030591216,0.039269514
417,0.001128465,0.006189451,0.8573097,0.11584562,0.004079961,0.015446759
418,0.0008030238,0.024711229,0.58939797,0.30437014,0.018053532,0.0626641
419,0.11233388,0.016287344,0.6646976,0.012802233,0.17913336,0.014745648
420,0.0003555962,0.013318723,0.8307411,0.09673959,0.011773183,0.047071785
421,0.046446778,0.015214464,0.7409207,0.040236033,0.15141529,0.005766661
422,0.00021446736,0.03418623,0.9239302,0.028785037,0.0054169623,0.0074670585
423,0.05220681,0.00807067,0.81511104,0.0041431696,0.11776409,0.0027042134
424,0.00062590674,0.026630253,0.20631966,0.7084533,0.044390474,0.013580351
425,0.00046399795,0.0036527086,0.7876471,0.116247535,0.08226964,0.009718984
426,0.01080775,0.042484786,0.49434242,0.118879415,0.3273332,0.0061524133
427,0.048804734,0.019973705,0.0018091,0.04307074,0.8833717,0.002970115
428,0.0006492335,0.13584535,0.7676789,0.01666255,0.061828397,0.017335515
429,0.0017295149,0.016587488,0.8097766,0.14264306,0.0063494192,0.022913897
430,0.004063629,0.16476947,0.23499894,0.36435613,0.19419274,0.03761905
431,0.0055559934,0.47906104,0.000307636,0.107947856,0.40077198,0.006355522
432,0.0736721,0.0065270006,0.6055674,0.14498484,0.13677008,0.032478668
433,0.0004283436,0.009382024,0.8465809,0.09489468,0.023136018,0.025578013
434,0.0006515497,0.023407167,0.73569125,0.14646655,0.06071589,0.033067618
435,0.0055078296,0.005142961,0.6078167,0.019626433,0.3256707,0.036235448
436,0.00086150353,0.010993273,0.81119585,0.0051921825,0.15753408,0.014223155
437,0.0031941398,0.0082694525,0.95303684,0.022251334,0.004611772,0.0086364625
438,0.055152573,0.049099825,0.577437,0.038103968,0.26997873,0.0102279615
439,0.000631564,0.02032687,0.53820336,0.043225925,0.38900033,0.0086119585
440,0.056116235,0.15459122,0.6006634,0.014620775,0.16511439,0.008893899
441,0.00018229976,0.21995129,0.6363476,0.042362254,0.08262916,0.018527444
442,0.082298234,0.0066817123,0.5173654,0.11195065,0.24772252,0.033981528
443,0.18231018,0.0462524,0.20170064,0.1922225,0.31424102,0.06327323
444,0.0020628974,0.0063664196,0.95045084,0.033986084,0.0040293504,0.0031044798
445,0.0028528601,0.0077279955,0.6367421,0.17365353,0.010330164,0.16869332
446,0.22236674,0.002180727,2.9282914e-05,0.30165264,0.45007387,0.02369669
447,0.0018155857,0.13829793,0.4810799,0.18049699,0.1580331,0.040276457
448,0.09436753,0.08055058,0.6896854,0.0070512136,0.11523405,0.01311126
449,0.0739136,0.1871236,0.5230582,0.19027595,0.010756104,0.014872586
450,0.14950909,0.019987604,0.35398012,0.19347954,0.25001362,0.033030026
451,0.002288501,0.28609982,0.12865648,0.5455223,0.002113007,0.035319872
452,0.7233233,0.002366628,6.7333036e-05,0.19297814,0.076494835,0.004769781
453,0.73564506,0.08517908,3.657705e-05,0.122980125,0.047712527,0.008446551
454,0.2508706,0.46138752,0.0023147396,0.2113359,0.0027099492,0.07138127
455,0.012738367,0.09681487,0.64330924,0.1369991,0.073390506,0.036747936
456,0.2225331,0.012858355,0.39184892,0.216578,0.10061129,0.055570353
457,0.2598202,0.0060172454,3.847871e-05,0.14752829,0.56421614,0.022379657
458,0.00024658433,0.22350031,0.68495613,0.027633704,0.036809903,0.026853396
459,0.14409465,0.34507635,0.10076844,0.09841194,0.27290767,0.038740896
460,0.003701738,0.008868203,0.5587009,0.22615805,0.18106705,0.02150402
461,0.012672091,0.43166196,0.002136424,0.24962503,0.23749174,0.0664127
462,0.20776287,0.0018321552,5.7002276e-06,0.35843688,0.4040828,0.027879525
463,0.0019342176,0.18139352,0.036844917,0.4738997,0.29179963,0.014127973
464,0.7764061,0.0011155183,0.124835625,0.02661781,0.07035509,0.0006698342
465,0.00028927208,0.00936857,0.9021722,0.011356921,0.07338539,0.0034276512
466,0.0004389493,0.0111730145,0.78048533,0.13624148,0.03408546,0.03757582
467,0.0025471991,0.0122400215,0.16157778,0.44066054,0.3158766,0.06709791
468,0.19530599,0.014392314,0.6224234,0.11294955,0.04389777,0.011030921
469,0.0050416533,0.1413673,0.00033672826,0.49086395,0.28129727,0.08109306
470,0.0005063685,0.40365314,0.27630636,0.20074277,0.07886576,0.039925624
471,0.0058671124,0.42245698,0.00038684267,0.21716051,0.34570637,0.008422168
472,0.12536956,0.25936145,0.38931683,0.07197227,0.09952796,0.054451924
473,0.00028455528,0.022414407,0.8438451,0.01552588,0.10862389,0.009306143
474,0.00065293483,0.010625839,0.81261283,0.09240231,0.08072699,0.0029790753
475,0.089326315,0.0114694545,0.691462,0.0100473575,0.19232267,0.0053722532
476,0.20584564,0.42848286,0.20338228,0.029102296,0.1023956,0.030791318
477,0.0028415474,0.17809285,0.00046336604,0.41907984,0.35390314,0.04561931
478,0.67655545,0.004541229,0.22048557,0.02080305,0.07247761,0.005137167
479,0.00048942165,0.011909051,0.7286206,0.006593352,0.24945937,0.0029282032
480,0.0015619933,0.0072751106,0.9471447,0.027243948,0.011437157,0.0053370777
481,0.0068754405,0.07663578,0.7869932,0.035181314,0.060390707,0.03392359
482,0.9031009,0.00059700554,8.198855e-06,0.04274286,0.053029884,0.0005211878
483,0.00031634964,0.0189717,0.69202644,0.03452115,0.24704866,0.007115651
484,0.11108633,0.17031822,0.00037255272,0.074237786,0.64126796,0.002717176
485,0.000877032,0.6459941,0.0016341674,0.15437539,0.18254355,0.014575755
486,0.0026498807,0.013159019,0.45061916,0.06272577,0.45895264,0.011893582
487,0.0370121,0.15182836,0.72666985,0.025249358,0.037709,0.021531316
488,0.123453766,0.003682337,0.62021977,0.1310333,0.09193621,0.029674603
489,0.0049342467,0.44192538,0.0021402473,0.32085857,0.17343776,0.05670385
490,0.54857755,0.0029910873,0.107640155,0.11092723,0.22738369,0.0024802862
491,0.0002907076,0.058709815,0.89648926,0.0071698455,0.02766366,0.009676731
492,0.0024046656,0.013169726,0.7025231,0.017933488,0.26188257,0.0020864424
493,0.00034898022,0.22074878,0.5686425,0.088221215,0.08033801,0.041700527
494,0.27157077,0.001879611,1.9092398e-05,0.027761137,0.68732405,0.011445332
495,0.17740403,0.024654131,0.00019696968,0.16783632,0.6263676,0.0035409308
496,0.0012079065,0.21460621,0.0003741856,0.47674844,0.23749402,0.06956926
497,0.056855544,0.022879064,0.7725973,0.007921064,0.13621007,0.0035369967
498,0.00047948072,0.007374452,0.67497706,0.113596395,0.19058973,0.012982894
499,0.000728652,0.019131579,0.90636426,0.007932511,0.06203101,0.0038119813
500,0.0019051742,0.0065214615,0.6952753,0.040481742,0.2530104,0.0028059045
501,0.0001375088,0.1142618,0.8165548,0.023409953,0.0043395236,0.04129643
502,0.0010468732,0.004696574,0.7476782,0.14948829,0.08789534,0.009194759
503,0.0022536484,0.29948327,0.4380931,0.048324544,0.2060637,0.005781777
504,0.39674196,0.28606382,0.0002773361,0.094770506,0.21448387,0.0076625645
505,0.00035282256,0.022971388,0.8156936,0.00402917,0.15386288,0.0030901432
506,0.0010395157,0.005159931,0.90384865,0.0075239935,0.0738029,0.008624985
507,0.0007234503,0.09699535,0.7484874,0.11327161,0.022689153,0.017833006
508,0.09371734,0.007674573,0.644304,0.13986143,0.083667986,0.030774731
509,0.0036996717,0.42087945,0.007105197,0.18733963,0.28602362,0.09495249
510,0.00046573332,0.03531091,0.36855417,0.5772158,0.0014612031,0.016992211
511,0.00014121918,0.20046817,0.66662943,0.036495946,0.07690406,0.019361183
512,0.14662798,0.006503483,0.53368753,0.053500853,0.2543899,0.0052901516
513,0.7918209,0.009082747,0.10934664,0.08398062,0.003289489,0.0024795677
514,0.0019953488,0.018939607,0.6790768,0.09648586,0.18058836,0.022914046
515,0.004019038,0.023763204,0.5137872,0.17346339,0.06270964,0.22225748
516,0.00021936471,0.023953483,0.8287463,0.021300493,0.099191785,0.026588604
517,0.0009919041,0.23127411,0.6759839,0.07184353,0.007257091,0.012649481
518,0.05639702,0.008276748,0.68100625,0.18331073,0.062289607,0.008719618
519,0.0013271085,0.02915666,0.7312046,0.14593291,0.08045443,0.011924296
520,0.0715874,0.01292598,0.6761119,0.046793487,0.15882714,0.03375413
521,0.017048499,0.00860879,0.7532763,0.15564889,0.038786553,0.026630947
522,0.10967522,0.016134193,0.35824755,0.34720182,0.12523364,0.043507576
523,0.0003279501,0.006897277,0.92650044,0.038994584,0.010358442,0.016921282
524,0.19323328,0.0137116965,0.6263082,0.018393915,0.1395202,0.008832656
525,0.0011561601,0.25533682,0.49500757,0.20982605,0.013908938,0.024764452
526,0.0013654915,0.0705317,0.70592743,0.10672294,0.074971266,0.040481247
527,0.00018180879,0.0144429,0.90072346,0.009849221,0.068031535,0.006771042
528,0.00046433645,0.007998175,0.76449925,0.017689742,0.206305,0.0030434937
529,0.0017818959,0.0061048404,0.79754585,0.028175736,0.15691976,0.009471871
530,0.0015260194,0.008594571,0.5500281,0.25474542,0.12666214,0.05844372
531,0.00041570823,0.0062394086,0.84183,0.089340426,0.041784525,0.020389916
532,0.0011049563,0.036939446,0.6123695,0.2736909,0.055489857,0.020405408
533,0.083236545,0.0064614057,0.71324307,0.029597888,0.16186342,0.0055976603
534,0.0028793134,0.12201603,6.513497e-05,0.52906877,0.276218,0.06975283
535,0.14739771,0.009464601,0.3760793,0.15094052,0.31057706,0.005540807
536,0.00034894375,0.0043522986,0.80512273,0.008804189,0.17738321,0.003988578
537,0.0018832956,0.008858675,0.47047952,0.27040756,0.18329762,0.06507334
538,0.03203505,0.08643862,0.7962539,0.0105591575,0.052055188,0.02265801
539,0.00023914444,0.27000892,0.4598516,0.05365726,0.139182,0.07706099
540,0.09204845,0.010835889,0.52215195,0.20269863,0.16077231,0.011492776
541,0.7634124,0.006329329,0.08037188,0.10470696,0.026024211,0.019155178
542,0.0011816879,0.45878828,0.00030879813,0.13536544,0.3829321,0.021423753
543,0.056578536,0.13989808,0.64345944,0.01679389,0.10197119,0.041298855
544,0.0010120653,0.21289192,0.54007745,0.12708606,0.08668903,0.03224343
545,0.00097567216,0.3212802,0.24823196,0.35099828,0.01580817,0.06270575
546,0.06631954,0.104496755,0.6663057,0.042244166,0.08973973,0.030894112
547,0.6980007,0.011869762,0.00020080681,0.13835041,0.14438352,0.007194877
548,0.13100488,0.011584081,0.53552353,0.08686637,0.18899137,0.046029814
549,0.10087611,0.0045351465,0.6105757,0.10400798,0.1709529,0.00905219
550,0.0048093414,0.2813933,0.31967238,0.3076304,0.01797809,0.06851647
551,0.1823719,0.010624068,0.5781084,0.021386016,0.20176515,0.0057444978
552,0.000661468,0.11111676,0.5084208,0.20909019,0.10025592,0.07045489
553,0.46032,0.3616914,0.0024288578,0.0219951,0.1497632,0.0038014126
554,0.07552305,0.008094758,0.732357,0.006979575,0.15785134,0.019194199
555,0.10997995,0.004803746,0.5346649,0.03376533,0.3111281,0.005658014
556,0.0009578453,0.13766834,0.7567833,0.046660114,0.017847937,0.040082484
557,0.7292055,0.04331346,0.105709806,0.044553097,0.07425294,0.0029651271
558,0.0008674169,0.016058581,0.7000011,0.11888014,0.13066323,0.033529513
559,0.00597747,0.20107308,0.55886483,0.19191805,0.019759215,0.022407334
560,0.5606285,0.051190767,0.31970814,0.047141973,0.014994455,0.006336218
561,0.14723091,0.05463638,0.6529042,0.029045137,0.08976532,0.02641805
562,0.12499251,0.22688429,0.36162624,0.048432212,0.21246444,0.025600322
563,0.0005327416,0.18999632,0.71591455,0.010388758,0.06264934,0.020518266
564,0.15358514,0.20318665,0.00036965046,0.2928866,0.29123452,0.05873745
565,0.00037231724,0.005869173,0.84397525,0.065273695,0.029994018,0.054515544
566,0.0005247071,0.31708857,0.3031212,0.05606998,0.2780084,0.04518714
567,0.023275966,0.4187155,0.0023414516,0.33907285,0.16404042,0.052553874
568,0.0005688332,0.045354694,0.68048424,0.1561452,0.075345285,0.0421018
569,0.026416458,0.32501942,0.2580521,0.18091124,0.14646804,0.06313275
570,0.15361157,0.34847143,0.00031784683,0.123644985,0.36450696,0.009447162
571,0.0008542456,0.028360141,0.5605229,0.2199719,0.15886512,0.03142568
572,0.0010079811,0.039395448,0.53289133,0.2751142,0.10419253,0.047398496
573,0.12807995,0.22982137,0.27134648,0.08982108,0.24751334,0.033417698
574,0.14240068,0.0059631653,0.48983473,0.107617594,0.23523715,0.018946666
575,0.010097489,0.038652435,0.33291456,0.28340623,0.30279955,0.032129794
576,0.00064161816,0.00068914157,1.3250279e-06,0.72901136,0.26163256,0.008024029
577,0.0030198428,0.28566113,0.31741437,0.35856,0.0024278061,0.03291679
578,0.0006976078,0.3194406,0.2251211,0.41999027,0.002784534,0.03196592
579,0.5936107,0.0024916746,0.33633223,0.018882846,0.044507973,0.004174564
580,0.004623698,0.48583153,0.00030867825,0.14939417,0.3497597,0.010082244
581,0.0002818295,0.0848949,0.798915,0.029051302,0.0558942,0.030962748
582,0.0018599513,0.009339137,0.58162934,0.040620614,0.36061168,0.0059393137
583,0.09494581,0.08530235,0.5511928,0.015312218,0.24822673,0.0050200615
584,0.36792842,0.07526522,0.44642693,0.08341156,0.02218818,0.004779716
585,0.1426814,0.0062440666,0.6626078,0.019306414,0.15600556,0.013154751
586,0.11599657,0.22211145,0.47687888,0.027798777,0.101916276,0.055298008
587,0.024553917,0.012537415,0.8442691,0.013709756,0.0947098,0.01021999
588,0.065822944,0.0051987628,1.8622828e-05,0.5806954,0.28351524,0.064749025
589,0.099897966,0.048029073,0.54176253,0.16123024,0.13158077,0.017499432
590,0.4087724,0.07853578,0.32193837,0.17382035,0.0017899562,0.015143141
591,0.16325457,0.010887581,0.5307414,0.06494764,0.19232674,0.037842013
592,0.91567934,0.00057324354,6.719794e-05,0.042044196,0.041093517,0.0005425695
593,0.0058899513,0.43028665,0.101020776,0.1656722,0.24977091,0.047359526
594,0.0018175349,0.028742183,0.627773,0.091249526,0.21543896,0.03497882
595,0.0037448218,0.71711105,0.0008355286,0.23154493,0.020230532,0.026533162
596,0.0010825666,0.026753288,0.63815045,0.16007182,0.12363359,0.050308224
597,0.006666496,0.44600543,0.11974958,0.061746806,0.33667102,0.029160598
598,0.0013534513,0.0009033476,3.6104796e-06,0.7660203,0.15985993,0.07185938
599,0.00093967543,0.026737956,0.69219285,0.17148648,0.066616684,0.042026404
600,0.0001307083,0.20827134,0.6551064,0.046366706,0.07352047,0.016604329
601,0.12699969,0.006640478,0.5976933,0.117917605,0.113627,0.03712188
602,0.029036626,0.08646417,0.8459374,0.011814275,0.0014378993,0.025309682
603,0.11840831,0.006726414,0.11764936,0.3052869,0.3934044,0.058524605
604,0.84464276,0.0073482017,0.043304946,0.055867113,0.04120115,0.0076358607
605,0.76742226,0.0029939585,6.128042e-05,0.110663384,0.10208451,0.016774608
606,0.00022589942,0.019022157,0.8651335,0.009707952,0.0919879,0.013922556
607,0.14733507,0.1463366,0.45733353,0.13181435,0.09202062,0.025159812
608,0.009502526,0.5246045,0.10547737,0.15111843,0.1958536,0.013443501
609,0.0015853381,0.007758233,0.8027901,0.01856987,0.13768141,0.031615015
610,0.039380398,0.096634716,0.6687583,0.1429609,0.031067932,0.021197798
611,0.030335765,0.02086477,0.009977894,0.39628494,0.50064766,0.041888945
612,0.0010607482,0.007477657,0.69384235,0.12199027,0.17312844,0.002500574
613,0.00019997972,0.047945887,0.7656678,0.022094984,0.15558809,0.008503248
614,0.5618165,0.011663382,0.30366394,0.049331445,0.06741434,0.0061104046
615,0.64520484,0.08697195,0.16498095,0.08985091,0.0070093726,0.0059819757
616,0.0023690318,0.23952238,0.5286748,0.15291305,0.020430382,0.056090407
617,0.0038077573,0.0936593,0.54156166,0.16497953,0.18312357,0.01286817
618,0.0007077335,0.33259296,0.32981175,0.082904264,0.24221824,0.011765041
619,0.07616719,0.0031815933,0.81044775,0.008871592,0.100273766,0.0010581829
620,0.0014610563,0.28784296,0.37321934,0.21637589,0.0137956,0.10730516
621,0.60720897,0.12854852,0.112539075,0.109056905,0.002846709,0.039799847
622,0.0010539487,0.014969671,0.92500895,0.023874447,0.022913512,0.012179437
623,0.49603328,0.01329295,0.07747482,0.16726103,0.24001905,0.005918822
624,0.0004460096,0.39370608,0.41507518,0.020672638,0.127637,0.042463135
625,0.8529572,0.008074156,0.00011707311,0.02056614,0.11794398,0.00034149288
626,0.00026360367,0.0043273126,0.8685082,0.019946076,0.090461545,0.016493265
627,0.0018943902,0.39994705,0.09081702,0.082841955,0.36688182,0.05761783
628,0.012588823,0.5577183,0.002874066,0.09528457,0.31042045,0.021113774
629,0.0013831193,0.0089489985,0.7823723,0.03229536,0.15389878,0.021101493
630,0.00022179901,0.02082357,0.7399774,0.113784246,0.10419882,0.020994203
631,0.029190456,0.017743675,0.7748664,0.014171603,0.15368101,0.010346789
632,0.16434656,0.008646448,0.55501,0.018745357,0.25037715,0.0028744854
633,0.007801542,0.6238391,0.00081522303,0.13240296,0.20922439,0.025916828
634,0.0006616627,0.014727391,0.74729896,0.019609775,0.20794779,0.009754459
635,0.14924021,0.017493403,0.34298947,0.2697631,0.1819905,0.038523298
636,0.009776533,0.19129692,0.5718076,0.18118678,0.019909449,0.026022732
637,0.74489915,0.003458374,0.19243553,0.015677495,0.04290087,0.00062853453
638,0.014135933,0.0009875463,2.7561591e-06,0.56234056,0.39809716,0.02443602
639,0.08790651,0.31453246,0.00012108983,0.50416756,0.028389378,0.06488298
640,0.10198983,0.003981278,0.7115297,0.019672764,0.15856256,0.0042638974
641,0.00089833897,0.036437344,0.6625536,0.14432365,0.109524325,0.04626273
642,0.061887197,0.014550374,0.0029252202,0.059031673,0.85959786,0.0020076844
643,0.1791393,0.00072983693,7.7831015e-07,0.534984,0.26165643,0.023489617
644,0.00095035793,0.1435082,0.5379773,0.17961094,0.10085551,0.037097707
645,6.70508e-05,0.025676047,0.83223516,0.07221029,0.042403925,0.027407454
646,0.07023869,0.0033462264,0.7441979,0.12888591,0.043910913,0.009420345
647,0.27637157,0.0013032365,5.964964e-06,0.12525469,0.5869233,0.01014125
648,0.00043417976,0.041831207,0.6101169,0.10605284,0.21962634,0.021938613
649,0.00855606,0.0056348355,1.108088e-05,0.5470138,0.41433764,0.024446502
650,0.08762675,0.3010321,0.481277,0.08255046,0.036890805,0.01062295
651,0.0014542079,0.039219245,0.58650345,0.19660386,0.1627536,0.0134656895
652,0.44056475,0.0041664634,0.4434652,0.08877747,0.016434785,0.006591306
653,0.23571701,0.024410395,0.042408794,0.32660815,0.32881784,0.04203784
654,0.041035928,0.019990698,0.36686847,0.28012088,0.2635023,0.028481683
655,0.076624446,0.604356,0.0004298633,0.13294691,0.17322284,0.0124199325
656,0.053037014,0.07943999,0.6701854,0.036272924,0.15397136,0.0070934193
657,0.035049945,0.009565945,0.8477617,0.012352001,0.083189666,0.012080719
658,0.00067024323,0.010200242,0.83757424,0.018565562,0.1152679,0.017721748
659,0.00042165408,0.24448699,0.56790656,0.019216463,0.15745336,0.010515014
660,0.21687196,0.022358438,0.26986822,0.07403599,0.41022965,0.006635811
661,0.0369385,0.015156633,0.60184664,0.017948471,0.30357403,0.02453577
662,0.17832823,0.32574943,0.30254233,0.1014317,0.058905218,0.03304313
663,0.0016783928,0.3744394,0.0125453565,0.5111642,0.004805591,0.0953671
664,0.23162857,0.017171567,0.61262006,0.07249911,0.060357947,0.005722768
665,0.0006543112,0.10793294,0.62379193,0.035910394,0.18226613,0.049444295
666,0.12603684,0.0110559715,0.5941613,0.13153826,0.10558926,0.031618424
667,0.81789327,0.066971205,0.00012617491,0.081624016,0.020783685,0.0126016075
668,0.004512047,0.52560514,0.0003200769,0.119831145,0.31346172,0.0362699
669,0.012854296,0.008938172,0.87105906,0.020443486,0.084239095,0.002465887
670,0.0021939755,0.035229035,0.55169564,0.24333306,0.108182326,0.05936595
671,0.00049955235,0.011268959,0.8020767,0.15751421,0.013843028,0.014797524
672,0.0015274979,0.0022642626,2.7418964e-05,0.73323154,0.16271909,0.1002302
673,0.00230662,0.23270622,0.3230783,0.20354946,0.19413038,0.044228997
674,0.09934765,0.3633884,0.00028868543,0.35835245,0.13072978,0.0478931
675,0.0021637625,0.014778384,0.51637125,0.3169242,0.10932114,0.04044127
676,0.0020651394,0.002343458,1.1278815e-05,0.74596494,0.18083778,0.06877744
677,0.0005864044,0.04217746,0.75067717,0.077967286,0.06818337,0.060408294
678,0.2752648,0.0086355135,0.0003551259,0.27905747,0.42115203,0.015535009
679,0.006504164,0.2944129,0.0014945575,0.16877183,0.5099772,0.018839376
680,0.0005087109,0.018686969,0.79696816,0.007771709,0.13924809,0.03681631
681,0.7853226,0.0012296457,2.1195876e-05,0.0767519,0.1328603,0.0038143517
682,0.00035195152,0.011709505,0.7823979,0.13563676,0.05224418,0.017659578
683,0.00030315292,0.21824774,0.5784192,0.024409331,0.17168881,0.0069318144
684,0.00059180014,0.016386164,0.75079936,0.02790655,0.16579309,0.038523033
685,0.3472284,0.030223647,0.36811328,0.16334167,0.019562796,0.071530186
686,0.0019486054,0.009971569,0.83303434,0.010397381,0.13742355,0.0072245523
687,0.016603425,0.051368,0.73471606,0.09233627,0.06606402,0.038912214
688,0.04439222,0.3795814,0.00013883699,0.16363965,0.37767825,0.03456962
689,0.0007998806,0.16530442,0.6528115,0.027040122,0.12184906,0.03219496
690,0.3624549,0.0034669717,0.21205087,0.16951083,0.21813092,0.034385495
691,0.00037499343,0.011126828,0.6646357,0.12558863,0.16226771,0.036006134
692,0.0007517801,0.0090958765,0.6219753,0.23142713,0.06875704,0.06799285
693,0.000374193,0.16492407,0.71095544,0.050871924,0.047268644,0.025605699
694,0.08633355,0.13483433,0.5177397,0.15411246,0.083463594,0.023516333
695,0.0106643895,0.31932652,0.0028618448,0.22942379,0.37054208,0.067181304
696,0.0014399553,0.0112720905,0.7180877,0.11366166,0.13927357,0.01626502
697,0.109669276,0.16190429,0.48610118,0.1770851,0.04199773,0.023242397
698,0.0010250158,0.0069660526,0.87070394,0.11131337,0.0048410264,0.0051506306
699,0.00025743854,0.010576637,0.75138026,0.07917137,0.13274342,0.025870875
700,0.00015060122,0.036182124,0.7933862,0.008655787,0.15729924,0.00432606
701,7.789294e-05,0.06682799,0.859927,0.0027700986,0.0652674,0.0051296554
702,0.0004085059,0.080600694,0.74739337,0.04429314,0.097934335,0.02937
703,0.16767137,0.12970337,0.39303267,0.14529715,0.16073199,0.0035634583
704,0.12921926,0.008256907,0.57560766,0.018431094,0.25723368,0.011251414
705,0.04450769,0.16544822,0.5102527,0.17584625,0.052276786,0.051668294
706,0.0044856397,0.001104511,3.10907e-05,0.6597685,0.27057517,0.06403512
707,0.0025347935,0.20763691,0.65363383,0.02981996,0.061944153,0.044430368
708,0.0008113459,0.0620675,0.64234877,0.22114474,0.010511747,0.063115865
709,0.00044641132,0.2645224,0.39534426,0.045182005,0.28834724,0.0061576637
710,0.71838963,0.092597246,0.00035242122,0.12522972,0.041286133,0.022144886
711,0.004689643,0.012198328,3.8599286e-05,0.4353843,0.5313355,0.01635367
712,0.061524525,0.11686668,0.33709374,0.111487195,0.36863178,0.0043960596
713,0.6486429,0.003983753,0.21268442,0.08088126,0.038747046,0.015060624
714,0.7408005,0.04921181,0.15330733,0.05162992,0.0032878697,0.0017626027
715,0.00074888027,0.008381955,0.78213054,0.099290475,0.0061758156,0.10327237
716,0.0013036715,0.011508063,0.6699516,0.24517679,0.06257217,0.009487695
717,0.0008574841,0.015889945,0.7529025,0.123206586,0.08952227,0.017621208
718,0.00058245944,0.54215944,0.22655606,0.07641601,0.044465683,0.1098204
719,0.11679906,0.10367173,0.7065565,0.059416477,0.0055956435,0.00796058
720,0.017525418,0.00816838,0.5368343,0.0999306,0.3157235,0.021817809
721,0.3286559,0.0014986133,1.6391738e-05,0.33532718,0.33210033,0.002401575
722,0.0056474074,0.016374249,0.59142613,0.13016665,0.24761787,0.008767746
723,0.00061357004,0.09882322,0.6899408,0.02590194,0.14930846,0.035411965
724,0.24694484,0.028362846,0.5450041,0.0413992,0.11567424,0.022614783
725,0.00058172346,0.17456973,0.36612067,0.107127674,0.3360278,0.015572442
726,0.071969755,0.08657424,0.49810147,0.10071782,0.22634147,0.016295271
727,0.094946966,0.017003898,0.4797079,0.12732482,0.23725033,0.043766044
728,0.0005621444,0.11713748,0.5185727,0.23868981,0.06406687,0.060970973
729,0.004928832,0.016680032,0.6141784,0.052774355,0.014665364,0.296773
730,0.11684602,0.2229453,0.31238392,0.12167916,0.18713073,0.039014876
731,0.0027307095,0.17528506,0.5307923,0.096961856,0.15061091,0.043619163
732,0.20096885,0.18721388,0.0019075265,0.046966158,0.5579809,0.004962724
733,0.0037772167,0.0030250107,2.9230234e-06,0.62409264,0.3572227,0.011879488
734,0.6144025,0.09172927,6.689308e-05,0.1907038,0.088754825,0.014342745
735,0.019644054,0.00813797,0.65292025,0.26487887,0.008319594,0.046099227
736,0.055299453,0.004729603,0.8224256,0.09094113,0.021512456,0.0050916565
737,0.00015172928,0.0072532548,0.8801006,0.049679976,0.048684876,0.014129562
738,0.14871596,0.0011856965,2.0995374e-06,0.60897356,0.23206182,0.009060927
739,0.2755097,0.004084386,0.17790154,0.18068632,0.35449344,0.0073246355
740,0.7065112,0.16066703,0.0014232966,0.08882821,0.033455275,0.009114965
741,0.0010628945,0.08848576,0.8897075,0.009314792,0.0030086443,0.008420409
742,0.1042766,0.011362143,0.6516423,0.14574517,0.048879728,0.03809402
743,0.0009284328,0.0672643,0.6244447,0.011494068,0.25091982,0.044948667
744,0.0012864743,0.3879299,0.49859273,0.05492498,0.025722012,0.031543914
745,0.8571468,0.002218952,0.061232563,0.068943724,0.008641681,0.0018162515
746,0.0002945607,0.14708635,0.6706191,0.07487734,0.056001633,0.05112104
747,0.010568136,0.03509463,0.28277534,0.2986579,0.3606801,0.012223883
748,0.0012643022,0.10139596,0.45652553,0.24810638,0.17319165,0.01951619
749,0.85434884,0.0004107386,2.374181e-05,0.06332014,0.07780602,0.0040906165
750,0.03247399,0.012963605,0.8379563,0.0060647842,0.10395062,0.0065906853
751,0.00030905227,0.009129219,0.9761141,0.009631652,0.0010630465,0.0037529394
752,0.05238149,0.14127433,0.639301,0.14554794,0.0027495958,0.018745596
753,0.151703,0.00093409605,1.4571941e-06,0.46571097,0.35558483,0.026065629
754,0.8375725,0.00083397335,1.3753665e-05,0.06139509,0.09386838,0.006316368
755,0.0007466397,0.003324778,0.80511266,0.1335602,0.034743503,0.022512268
756,0.00015841538,0.05880595,0.7954552,0.10577482,0.01019217,0.0296134
757,0.00089921925,0.10512534,0.57765925,0.11745067,0.0012236023,0.19764195
758,0.0002887585,0.013885735,0.8578252,0.11464952,0.002452462,0.010898339
759,0.11430387,0.0031725836,0.6968788,0.016963078,0.16348088,0.0052008913
760,0.17758201,0.009022354,0.64527893,0.089152105,0.04796669,0.030997908
761,0.00092776015,0.014538675,0.6739342,0.14338882,0.1447002,0.022510378
762,0.00037558435,0.015915047,0.61359423,0.3005414,0.003373059,0.06620071
763,0.018920869,0.034722134,0.30053437,0.022632234,0.6162712,0.0069191866
764,0.046269156,0.004244996,0.8550755,0.012261572,0.07748863,0.0046600825
765,0.0006969837,0.3843922,0.4550148,0.12032567,0.020282207,0.019288216
766,0.2264151,0.22284365,0.43386355,0.09163835,0.010273679,0.014965655
767,0.0634114,0.038575117,0.49508843,0.37955496,0.0056327884,0.017737383
768,0.0029756532,0.3254978,0.36046857,0.27798042,0.0015477202,0.031529766
769,0.097636305,0.008537829,0.7254376,0.11241368,0.047600456,0.00837411
770,0.008160196,0.08627567,7.485911e-05,0.5157515,0.27886665,0.110871196
771,0.0016575882,0.010856459,0.6053493,0.15082827,0.22373685,0.00757149
772,0.008511267,0.008944848,0.8649612,0.012656513,0.10061937,0.004306797
773,0.00046727588,0.033794414,0.51123947,0.2000709,0.23531039,0.019117601
774,0.29243913,0.276503,0.15864345,0.03632091,0.23039852,0.0056949267
775,0.0012103645,0.29146054,0.37502384,0.03266137,0.085675314,0.21396858
776,0.073535,0.01095026,0.5397902,0.007821291,0.3165922,0.051311024
777,9.910124e-05,0.45893788,0.4299936,0.06887912,0.009103307,0.032986995
778,0.6657431,0.0020684868,0.23622334,0.04741778,0.04565653,0.0028907715
779,0.21293381,0.01381229,0.44746998,0.12778468,0.19246246,0.0055367816
780,0.0013088634,0.011470802,0.7680665,0.031079121,0.17565766,0.01241699
781,0.0010325917,0.009432441,0.83980167,0.018078703,0.12576999,0.0058846385
782,0.0015322622,0.0760549,0.8574854,0.028086782,0.01961696,0.017223671
783,0.005794757,0.01702521,0.14542036,0.042297117,0.7561559,0.033306763
784,0.9113258,0.00026994265,2.2076515e-06,0.029690005,0.058507375,0.00020467123
785,0.0003128666,0.10390193,0.44660673,0.3641608,0.005858522,0.07915917
786,0.058215078,0.046434965,0.6961471,0.1316565,0.026697591,0.040848814
787,0.22083487,0.012768419,0.27354014,0.17451797,0.2944829,0.023855789
788,0.0065126116,0.113187335,0.781546,0.028560106,0.04875492,0.021438995
789,0.77097267,0.0028780194,0.13670668,0.065604515,0.018519174,0.005318977
790,0.08146174,0.0070390664,0.29257467,0.26796228,0.26532272,0.08563956
791,0.26483706,0.0086877905,4.6740675e-05,0.3771248,0.31933773,0.02996588
792,0.19303451,0.014876993,0.6004412,0.040528934,0.1478809,0.0032374475
793,0.030849066,0.012276072,0.8306005,0.11701347,0.0054766983,0.00378423
794,0.05867194,0.30381465,3.41102e-05,0.45967862,0.1624957,0.015305063
795,0.0034211027,0.0055030133,0.9067282,0.03878899,0.036998246,0.008560475
796,0.08428035,0.05559547,0.6688508,0.16555123,0.014575843,0.011146362
797,0.5088553,0.22247557,0.0002398115,0.10879027,0.14687714,0.012761911
798,0.5033997,0.012580945,0.2990903,0.0700782,0.10636114,0.008489745
799,0.0029702184,0.38748872,0.00031980884,0.34930205,0.1943541,0.06556504
800,0.013944565,0.0045029167,0.8432352,0.10981582,0.007341719,0.021159766
801,0.0011472668,0.029039606,0.7896778,0.018684719,0.14540179,0.016048826
802,0.07222224,0.0195355,0.6568825,0.099998705,0.11981474,0.031546224
803,0.098350726,0.01584709,0.77732944,0.031924002,0.07542054,0.0011281798
804,0.00016558741,0.16154407,0.637291,0.048329636,0.1181323,0.034537353
805,0.0013566279,0.018268533,0.855264,0.016112925,0.09682135,0.012176543
806,0.65124315,0.061658937,0.18175225,0.06952314,0.018085318,0.01773723
807,0.00031147856,0.23839658,0.68213314,0.05439047,0.004822813,0.019945553
808,0.057306588,0.058995552,0.79150087,0.008972008,0.076254815,0.00697018
809,0.0002907507,0.11484187,0.6551934,0.15993077,0.039305717,0.030437501
810,0.11690585,0.4472296,0.27733526,0.12457675,0.018778907,0.015173705
811,0.01228929,0.0063427463,0.7022021,0.15749961,0.08782395,0.033842366
812,0.0019616084,0.014323449,0.8130532,0.13599358,0.010777066,0.0238911
813,0.0003286539,0.05967707,0.47972873,0.30883956,0.1403783,0.011047693
814,0.008361488,0.005222653,0.7453208,0.013023223,0.2076989,0.020372951
815,0.870154,0.04782144,3.886521e-05,0.04485501,0.036504738,0.000625864
816,0.001448425,0.09874488,0.7036284,0.08755505,0.084220655,0.024402594
817,0.0017646895,0.30286795,0.24700451,0.40313053,0.0052331355,0.03999921
818,0.0017537493,0.36282164,0.036129456,0.47025093,0.11079024,0.018253913
819,0.00048486693,0.010537678,0.83202267,0.0058240094,0.14633058,0.004800209
820,0.011893267,0.01564706,0.50244576,0.19659603,0.24690121,0.026516689
821,0.034292303,0.36191446,0.31863856,0.042248886,0.17219031,0.07071548
822,0.0009171945,0.045298714,0.4151208,0.35932487,0.107703015,0.07163537
823,0.0007073212,0.07526546,0.78336364,0.022006806,0.10620221,0.012454616
824,0.00012780435,0.0749415,0.85479206,0.00456482,0.055332255,0.010241615
825,0.00041316412,0.22771308,0.46786,0.14818537,0.10994717,0.045881193
826,0.17826101,0.005588509,0.00013714506,0.22782935,0.38419777,0.20398626
827,0.0018708182,0.052535944,0.51707345,0.14810735,0.23932216,0.041090265
828,0.7784855,0.0018632301,0.15256026,0.014107705,0.052258894,0.00072444393
829,0.00068234827,0.005901904,0.8578447,0.11265372,0.0013524098,0.021564884
830,0.057230916,0.09707374,0.63832414,0.15034935,0.028899705,0.02812211
831,0.00022865969,0.006618539,0.79735094,0.09973421,0.09045801,0.0056096297
832,0.15070678,0.02231369,0.48302084,0.1987724,0.13662627,0.008559983
833,0.00047246856,0.035152033,0.6602014,0.09958448,0.15042485,0.054164812
834,0.0047899024,0.7482973,0.00066705054,0.13892697,0.09600463,0.011314237
835,0.006083701,0.42270675,0.00016895244,0.11915924,0.44546908,0.006412304
836,0.0055075455,0.43459746,0.1718498,0.29298854,0.005559641,0.08949699
837,0.00036716706,0.14613448,0.7503004,0.013883103,0.08593152,0.0033833594
838,0.004665174,0.18030427,0.08327904,0.38968346,0.2608115,0.08125654
839,0.00084601337,0.011962687,0.42792153,0.4728285,0.005411908,0.081029356
840,0.00036826867,0.0071224696,0.88163483,0.0070932964,0.09965218,0.0041289716
841,0.00072390126,0.2508286,0.62343144,0.040795915,0.027545244,0.056674838
842,0.010534316,0.15120107,0.5155642,0.13284323,0.15246627,0.037390947
843,0.008427339,0.0066086515,3.5202836e-05,0.34012598,0.62514675,0.019656118
844,0.0026343516,0.031910334,0.72072494,0.15449785,0.08025587,0.009976641
845,0.0015044678,0.01479202,0.6967836,0.016008453,0.25483727,0.016074171
846,0.19034724,0.022674022,4.247564e-05,0.09954935,0.6826223,0.004764665
847,0.14564681,0.48600706,0.008958913,0.14072426,0.17687571,0.04178724
848,0.006747339,0.019007066,0.42844725,0.25901768,0.23679498,0.049985673
849,0.0004914282,0.1812882,0.60922724,0.010037971,0.19092272,0.008032473
850,0.0018729691,0.44603223,0.025548726,0.06619733,0.42308292,0.037265822
851,0.00041341252,0.14306912,0.6899092,0.090676986,0.025446117,0.05048506
852,0.004083096,0.12826172,0.64905596,0.13580044,0.034358814,0.048439983
853,0.0016967589,0.29384643,0.22994171,0.20726775,0.22747251,0.03977483
854,0.0046820086,0.12547316,0.627395,0.17545402,0.039620984,0.02737486
855,0.0005061074,0.3855606,0.4979547,0.032596037,0.011419836,0.07196272
856,0.00035648336,0.014311007,0.7772805,0.035121556,0.16716179,0.005768681
857,0.70302325,0.014113065,0.21922652,0.011614833,0.048644662,0.003377611
858,0.1947619,0.00055203185,3.1517775e-05,0.01973934,0.40553662,0.37937856
859,0.0008186058,0.009568298,0.6045863,0.2683165,0.107813075,0.008897259
860,0.22640902,0.006611414,0.32876343,0.2993514,0.13183491,0.007029897
861,0.0003884408,0.08144168,0.5497517,0.15961765,0.18817662,0.0206239
862,0.00036440307,0.079991035,0.7735374,0.026980154,0.10386007,0.015266931
863,0.59356445,0.003520359,0.2818637,0.07553712,0.038095973,0.007418397
864,0.0046153073,0.025835956,0.00014625999,0.49308574,0.44312698,0.03318976
865,0.0015132576,0.19749002,0.4744642,0.20175046,0.062578216,0.062203884
866,0.00055058807,0.0040153023,0.5242411,0.3798305,0.05061082,0.040751718
867,0.0020178542,0.13869871,0.38867617,0.34298405,0.09875834,0.028864807
868,0.0017001148,0.2714195,0.00016241649,0.43934357,0.23848827,0.04888615
869,0.06732512,0.23148356,0.31967086,0.13346483,0.21060194,0.03745375
870,0.0013417104,0.005467241,0.6699209,0.017177835,0.2961517,0.009940582
871,0.006984322,0.019535718,0.8119436,0.05055062,0.09283746,0.018148266
872,0.0050791404,0.008628958,0.5047799,0.1783808,0.24136809,0.061763108
873,0.00089012337,0.25289887,0.41623795,0.20067309,0.12159747,0.007702465
874,0.20605102,0.11356827,5.814504e-06,0.12599416,0.5507078,0.003672939
875,0.002049867,0.013335432,0.42532888,0.072750755,0.48342144,0.003113656
876,0.002877326,0.4839246,0.17891735,0.056374677,0.26898956,0.008916423
877,0.016967144,0.24039114,0.00025035295,0.3128608,0.38586164,0.043668915
878,0.012991018,0.01315098,0.052131355,0.43789512,0.42554742,0.05828408
879,0.00017818174,0.14226139,0.7137128,0.043458465,0.08361278,0.016776422
880,0.005933802,0.15771922,0.6210791,0.17522275,0.003171124,0.036874007
881,0.25219893,0.018373204,0.00018386562,0.14119768,0.57977974,0.008266554
882,0.0003094709,0.1671581,0.68363005,0.011359089,0.1321028,0.0054405304
883,0.00037600126,0.14832625,0.78204554,0.01572993,0.03232336,0.021198861
884,0.018633734,0.40342003,0.0042657414,0.10773703,0.09763321,0.36831024
885,0.0007709376,0.009767722,0.78284276,0.04134721,0.1567755,0.008495911
886,0.0004769652,0.15895289,0.7036963,0.04733456,0.061271615,0.028267736
887,0.10358555,0.03571393,0.60471666,0.017266305,0.22089916,0.017818341
888,0.319602,0.1896093,0.17989355,0.26677245,0.004666259,0.039456412
889,2.3315379e-05,0.16036868,0.8140376,0.0039639445,0.0004901324,0.02111632
890,0.00080329366,0.017936276,0.61123806,0.16316354,0.17675047,0.030108353
891,0.8646846,0.002950682,0.055904333,0.05361463,0.014023702,0.008822018
892,0.00044079436,0.0072843875,0.755021,0.010464435,0.21808857,0.008700844
893,0.12860525,0.060061224,0.5265017,0.0343216,0.24109456,0.009415612
894,0.08466578,0.007895636,0.68454844,0.08614078,0.13230982,0.00443955
895,0.00059722137,0.14422752,0.5856995,0.2063474,0.0020181488,0.061110187
896,0.0011381364,0.026661573,0.74190366,0.18543719,0.012419271,0.03244021
897,0.0004946485,0.0060937614,0.25149128,0.5704897,0.07288806,0.09854261
898,0.0023314736,0.13286616,0.54303294,0.24404357,0.066470936,0.011254956
899,0.086869866,0.028098198,0.6196058,0.15618968,0.09352354,0.015712935
900,0.7693822,0.044898253,0.109904625,0.04840523,0.026487844,0.00092188944
901,0.06958331,0.0017911829,3.4220159e-06,0.12046289,0.80484235,0.0033168164
902,0.16590387,0.1279787,0.5409035,0.048068333,0.08859638,0.028549198
903,0.00042361545,0.0069908686,0.8684454,0.0038164936,0.115744404,0.0045792046
904,0.90887576,0.004474024,0.005428714,0.028556185,0.052242998,0.00042223668
905,0.048387904,0.009295387,0.65253454,0.14354031,0.12945764,0.016784184
906,0.0014433309,0.33728296,0.30887634,0.04153501,0.29814258,0.0127197895
907,0.00057657657,0.017774725,0.5858311,0.14432584,0.21979313,0.031698607
908,0.8121274,0.031763203,7.659833e-05,0.119761705,0.030171417,0.006099666
909,0.00038607465,0.17156868,0.61205596,0.08270706,0.068208285,0.065073974
910,0.009984275,0.005415817,0.79645455,0.0038516908,0.1793223,0.0049714013
911,0.0021938565,0.654284,0.005921482,0.2085554,0.0012130045,0.12783225
912,0.18472156,0.0014567393,0.00015255346,0.08603709,0.22790986,0.49972218
913,0.00031933477,0.17596298,0.57219815,0.055342987,0.113555096,0.0826214
914,0.12593345,0.022498684,0.51052076,0.16372755,0.13431202,0.04300755
915,0.051280417,0.057458535,0.7830972,0.049032945,0.03986988,0.01926103
916,0.00085283373,0.00827099,0.71033883,0.11100373,0.13523261,0.034300968
917,0.2645812,0.0071958196,0.4865095,0.07041528,0.143281,0.028017199
918,0.0008046656,0.4226992,0.29702982,0.19824749,0.048110943,0.033107933
919,0.0018451993,0.005831118,0.52409726,0.19413717,0.2581052,0.015984057
920,0.09501572,0.013718838,0.63735944,0.014115729,0.21687558,0.022914628
921,0.0009649037,0.017827041,0.7843856,0.025759974,0.15000837,0.021054097
922,0.00034582248,0.009776606,0.6449771,0.23982902,0.09173527,0.013336264
923,0.27544546,0.04037588,0.4203344,0.17100945,0.052416984,0.040417787
924,0.0011217904,0.148165,0.38234887,0.14362094,0.2954896,0.029253775
925,0.0010116469,0.015081228,0.14222981,0.71462995,0.0022943963,0.124753036
926,0.06600302,0.21616827,0.36714885,0.27309158,0.021513622,0.05607473
927,0.056627374,0.018350083,0.72631824,0.14181016,0.019829152,0.037064962
928,0.24216075,0.0021018928,0.4350696,0.15918165,0.15327716,0.008208936
929,0.00078661914,0.22357568,0.39135662,0.15586302,0.164407,0.06401113
930,0.0022474742,0.23220062,0.47956553,0.22903213,0.00032133958,0.056632906
931,0.0043254904,0.35853395,0.10919694,0.4388975,0.03947908,0.049567122
932,0.0010017301,0.008080582,0.65907705,0.1700767,0.11983101,0.041932937
933,0.0030025693,0.27617395,0.3221844,0.18924166,0.14254473,0.06685263
934,0.004359333,0.29521272,0.0006419547,0.057962567,0.63549566,0.006327743
935,0.00072270725,0.020623295,0.29413143,0.47865817,0.1954152,0.010449183
936,9.822709e-05,0.16848102,0.674185,0.05836429,0.07278814,0.026083264
937,0.8755103,0.05497291,0.00024368992,0.05079874,0.017638689,0.0008356331
938,0.00034469913,0.013058347,0.8257283,0.007013371,0.14268719,0.011168148
939,0.020530695,0.007713437,0.94628096,0.018257119,0.0048024748,0.0024153378
940,0.0025061606,0.42832986,0.00013990232,0.3180223,0.18326175,0.067740016
941,0.043433256,0.12854357,0.6735254,0.02417169,0.1164448,0.013881338
942,0.0002232175,0.5701848,0.2637781,0.08431991,0.027060198,0.054433692
943,0.0002348243,0.0071399165,0.90043056,0.010013662,0.061664134,0.020516938
944,0.04389063,0.0060470337,0.6705384,0.13308896,0.111879244,0.034555662
945,0.0043180543,0.011941722,0.8019049,0.054355294,0.10959415,0.017885838
946,0.0003883548,0.008864546,0.82766366,0.0056657935,0.14864938,0.00876828
947,0.09037811,0.015587633,0.8493761,0.0332645,0.006999237,0.0043944516
948,0.0003898443,0.0076074586,0.65536064,0.18144867,0.13784915,0.01734423
949,0.18174645,0.35099658,0.003875716,0.3682986,0.043675706,0.051406875
950,0.0046883924,0.42540222,0.0009728757,0.47199038,0.016591555,0.08035459
951,0.097773015,0.012779863,0.6271859,0.0970386,0.14126824,0.023954406
952,0.0005570297,0.57389617,0.23711035,0.076934785,0.086241424,0.025260216
953,0.0002017223,0.0062321397,0.91202366,0.0074748215,0.0700013,0.004066375
954,0.56412506,0.0054502087,0.2750119,0.024315033,0.12709953,0.0039982353
955,0.0015877045,0.37538886,0.3660825,0.047753844,0.010214064,0.19897304
956,0.0013207976,0.10244958,0.55022985,0.19603105,0.1366298,0.0133389095
957,0.0008525356,0.019962069,0.62134403,0.22108574,0.12324458,0.013511086
958,0.1436013,0.012265365,0.7253828,0.011018348,0.10357626,0.0041559814
959,0.00012305817,0.014058682,0.7992118,0.09725677,0.05889434,0.03045536
960,0.2036982,0.025956238,0.6705835,0.029575577,0.06399542,0.006191144
961,0.35121766,0.43827996,0.0010330383,0.14145805,0.036907915,0.031103358
962,0.04640198,0.009291306,0.62126803,0.27693307,0.007582434,0.03852313
963,0.054068312,0.008268003,0.81620467,0.015861845,0.08752047,0.018076694
964,0.0021729649,0.013171889,0.7040679,0.12983349,0.09204432,0.058709465
965,0.332485,0.0011131001,1.486553e-06,0.42703125,0.19720636,0.04216283
966,0.09961025,0.039373968,0.5479168,0.023648404,0.2504613,0.038989227
967,0.00056702347,0.0062165787,0.6439894,0.092108235,0.23404495,0.02307382
968,0.00117837,0.012053631,0.77960324,0.045414094,0.13443996,0.027310666
969,0.0008552463,0.004450866,0.82995677,0.08472321,0.033890735,0.046123154
970,9.6113996e-05,0.10011139,0.75072306,0.02328068,0.112424314,0.013364429
971,0.80846125,0.002474758,1.3786598e-05,0.14522636,0.032878574,0.0109453155
972,0.0013454099,0.11159766,0.7492174,0.049332064,0.062011834,0.02649566
973,0.22411138,0.03360283,0.3575387,0.034624662,0.34749767,0.002624789
974,0.00035913833,0.0051303385,0.8568722,0.009729724,0.12159536,0.00631316
975,0.6779387,0.0061286907,0.23551145,0.048911978,0.028444584,0.0030646326
976,0.03804211,0.009818257,0.29327273,0.15734653,0.49491125,0.0066090743
977,0.9361235,0.0004619835,2.7585122e-06,0.03346023,0.029765597,0.0001859408
978,0.019242244,0.09603145,0.6824752,0.05592394,0.11838608,0.027941044
979,0.17782964,0.014451538,0.2168375,0.34502745,0.19557555,0.05027831
980,0.00060359226,0.14939427,0.5000035,0.15178812,0.15268229,0.045528173
981,0.011169635,0.3094649,0.21700563,0.32096413,0.07540282,0.06599282
982,0.0013451395,0.5081064,0.18361683,0.1380599,0.123632245,0.04523949
983,0.00064725743,0.02607118,0.39887053,0.36093912,0.14463778,0.06883409
984,0.080370285,0.024446242,0.391955,0.41154218,0.006475895,0.08521046
985,0.0003242004,0.22330667,0.49669543,0.022399886,0.2276827,0.029591138
986,0.00085038744,0.009566976,0.56949514,0.17636545,0.22654884,0.017173218
987,0.0014088155,0.14721936,0.28374243,0.26830196,0.22988276,0.06944459
988,0.000698154,0.006432314,0.79997766,0.08169103,0.10566289,0.005537965
989,0.117158994,0.17346062,0.59311336,0.04240515,0.03807696,0.03578498
990,0.21593215,0.024715284,0.0008609625,0.082547665,0.66409314,0.011850775
991,0.6024052,0.0045806514,0.26148164,0.051173627,0.067044795,0.013314088
992,0.0010100831,0.17503422,0.7629129,0.016601281,0.012476717,0.0319648
993,0.00052338646,0.09862963,0.66940093,0.1639422,0.00964962,0.0578542
994,0.7803492,0.0031706234,0.1338195,0.021972625,0.05927625,0.0014117616
995,0.010296212,0.007130163,0.7836564,0.0126279155,0.18153563,0.004753701
996,0.0029335038,0.008489083,0.76737225,0.006863486,0.19931878,0.0150229335
997,0.32619885,0.037381765,0.5490959,0.044734053,0.02784878,0.014740593
998,0.00093649304,0.0047904635,0.95613325,0.0064353975,0.027338738,0.004365649
999,0.00023570292,0.00936285,0.86191285,0.0028938476,0.11930361,0.006291181
