"","B cells","EPCAM+ cells and cholangiocytes","Hepatocytes","LSEC","NK,NKT and T cells","Stellate cells and myofibroblasts"
"X0",0,0.0102648475796884,0.00542170288062027,0,0,0
"X1",0,0.000111287546122884,0,0.00308067374613684,0.00431054087776398,0
"X2",0,0.0129875266522077,0.00491000257718089,0,0,0
"X3",0,0.0116246355283772,0.00449912729983582,0,0,0
"X4",0.038768921538266,0,0,0,0,0
"X5",6.02971762254691e-05,0.00298738379228491,0.000278270938218461,0,0,0
"X6",0.0149896664696926,0.00470034951298687,0.00252974018306795,0,0,0
"X7",0,0,0,0.00290160194512985,0.00135407127598378,9.28123605093188e-05
"X8",0.0104489375023079,0,0,0,0,0
"X9",0.0218534890572635,0,0.00194292576779886,0,0,0
"X10",0.00017397834501464,0.00533195988163485,0.000967703531043,0,0.000441971753301788,0
"X11",0.0489138210494037,0,0,0,0,0
"X12",0,0.00925240365266014,0.00168333351407321,0,0,0
"X13",0,0.0162139339485024,0.0071362816680265,0,0,0
"X14",0,0.0202796602962136,0.00692832421707558,0,0,0
"X15",0,0.0140088014703304,0.00389768300209675,0,0,0
"X16",0,0.010391774163058,0.00586173334187575,0,0,0
"X17",0,0.0116618334923169,0.00526820491154022,0,0,0
"X18",0,0.00525194906542543,0.000586363447187855,0,0,0
"X19",0,0.0200306461048112,0.0106017746505548,0,0,0
"X20",3.92634541831453e-05,0.00793224885663108,0.000109344215184196,0,0,0
"X21",0,0.00363079025321841,0.000228298129840432,0.000897161227944701,0.00131545225995569,0
"X22",0,0.0110450357344529,0.00332596604645741,0,0,0
"X23",0,0.00582384822515776,0.00182565049088497,0,0,0
"X24",0,0.00142695214906055,0,0.000396754104756909,0.00118362945190948,0
"X25",0.000111297073224026,0.00394240863049348,0,0.00108132291166662,0.00318392215288348,0
"X26",0.000140679610345461,0.00244707845085169,0,0.00100218132992961,0.00163389185701346,0
"X27",0,0.0127908889694175,0.00214516648368651,0,0,0
"X28",0.000148577486577395,0.00139556618460303,0,0.000566158618711504,0.00352424437431696,0
"X29",0,0.0104841473532414,0.00433417326185636,0,0,0
"X30",1.0994278946578e-05,0.00148684351160119,9.81453695473347e-05,0,0.00103170656674015,0
"X31",0.000212263415248837,0.000588230078249467,0,0.000397745592996943,0.002695442250869,0.00013783400184652
"X32",0,0.0036991064451538,0,0.000657723712502813,0.00256371859047114,5.20547962762315e-05
"X33",0,0.00516797570667319,0.00194644306098086,0,0,0
"X34",0,0.00796462410339824,0.0030156799909569,0,0,0
"X35",2.89840136074559e-05,0,0,0.00194948466889592,0.00204825147101126,0.000203956045051147
"X36",0.000267734928762126,0.00635082987435994,0.00156825376226916,0,0,0
"X37",0,0.000110655898867439,0,0.000431484108760378,0.00292720888886912,0
"X38",3.14601340729393e-05,0.00938233342383616,0.00221463259109205,0,0,0
"X39",0,0.000409821432891999,0,0.0020324152945747,0.0010088264630854,0.000523213980647947
"X40",0,0.00396310115818192,0.00267972055750454,0,0,0
"X41",0.000356852566829342,0,0,0.000446003850949032,0.00140695149073143,0
"X42",0,0.00267818420455214,0,0,0,0
"X43",0,0.0130641173976495,0.00475856627113051,0,0,0
"X44",0,0.010488640405022,0.00257645356980309,0,0,0
"X45",0,0.0201297101634493,0.0098585685794471,0,0,0
"X46",0,0.0124418713760275,0.00555727622030718,0,0,0
"X47",0,0.00624430573039677,0.00168383029029939,0,0,0
"X48",0,0.00832742887159451,0.00276878381862101,0,0,0
"X49",0.0204207454029611,0,0.00197024130983969,0,0,0
"X50",0,0.0025973298197371,0.000379246145903411,0,0.00140450705377254,0
"X51",0.00114482259003754,0.0052884575515863,0.000337741263975047,0.000762585035885882,0.00375632098472847,0
"X52",9.36807423084297e-06,0.00295922318264362,0,0.00106730971460959,0.00284408056533942,0
"X53",0,0.0111765710614457,0.00419027064216059,0,0,0
"X54",0.053560509928075,0,0.00762398638172091,0,0,0
"X55",0,0.00977743080462192,0.00607554716388865,0,0,0
"X56",0,0.0173155271309939,0.00640137008588995,0,0,0
"X57",0,0.00637978990014605,0.00119554171588329,0,0,0
"X58",0.0261850403747561,0,0,0,0,0
"X59",0,0,0,0.000822288704280666,0.00135864261306044,8.95687147404728e-05
"X60",0,0.0138579517977943,0.00491272700035128,0,0,0
"X61",0,0.0107783081237595,0.0048656872581657,0,0,0
"X62",0,0.0106786901186882,0.00279847949918986,0,0,0
"X63",0,0.00401999182732599,0.000172033946371238,0.0020887694546743,0.00069669483390434,0.00191284277063016
"X64",0,0.00472203351267435,0.0017901238834513,0,0,0
"X65",0,0.00772095183206387,0.00128322869651684,0,0,0
"X66",0.00015632441386117,0.00704894946920656,1.32170709797842e-05,0,0,0
"X67",6.4603185319443e-05,0,0,0.00195633206440716,0.00389126932106244,0.00016859025773906
"X68",0,0.0174112724782821,0.0105244306784166,0,0,0
"X69",0,0.00440092096006088,0.000662513159789338,0,0,0
"X70",0,0.00753833775035867,0.00179668114087139,0,0,0
"X71",0,0.0089935441110932,0.0035099119029377,0,0,0
"X72",0,0.00451193280144218,0.000465162050237788,0,0,0
"X73",5.54611430220943e-05,0.00653651193601393,0,0.000476001687988702,0.00358137775859774,3.01243594788557e-05
"X74",0,0.0119425565900506,0.00365891336937976,0,0,0
"X75",0,0.0117846868085228,0.00503396716507981,0,0,0
"X76",0,0.0106888889050932,0.00471255002754934,0,0,0
"X77",0,0.00837604229456473,0.00155280440269266,0,0,0
"X78",0.000244467819997067,0.0001386600361254,0,0.00116052592878085,0.0054522193760148,0
"X79",0,0.00293328356658061,0.000522544111852364,0,0.00118158893868194,0
"X80",0.0284522107970274,0,0.00210747942090608,0,0,0
"X81",0,0.0131489726144017,0.00338284572356861,0,0,0
"X82",0.000388211282508848,0.00156497175839543,0.000128682365587677,0.000608716621382619,0.00165189089089379,9.52458721675324e-05
"X83",0.0101468583073143,0.00199670350907708,0.00101648937814822,0,0,0
"X84",0,0.00517180025946717,0.00162915537436239,0,0,0
"X85",0,0.0154665491015107,0.00896949298529037,0,0,0
"X86",0,0.0136323529530553,0.00327442210142535,0,0,0
"X87",0,0.0146194886186969,0.00755212200885393,0,0,0
"X88",3.65182368792315e-05,0.00883172780840135,0.00332586885594218,0,0,0
"X89",0,0.0165071877402641,0.00554026005068132,0,0,0
"X90",0,0.00607292827164709,0,0.00206220465126297,0.00229927151152708,0
"X91",0,0.00416083932493931,0.000786512933913309,0,0,0
"X92",0,0.00409488184169323,0.000823262026526132,0,0,0
"X93",0,0.0149858354719787,0.00317187046713833,0,0,0
"X94",0,0.00847419788654367,0.00189889757731295,0,0,0
"X95",0,0.0107858459797663,0.00136518265059283,0,0,0
"X96",0,0.0093933595230847,0.00184126958563549,0,0,0
"X97",0,0.00719052144246925,0.0027459340696465,0,0,0
"X98",0.000315516443729473,0.00198419220064175,0,0.000788600449323038,0.00285258757830708,0
"X99",0.0182250851213233,0,0,0,0,0
"X100",0,0.0160310925217437,0.007676727540295,0,0,0
"X101",0.000533348136261202,0.00168490087568155,0.000212403709853413,0.000210235797853448,0.00287785276846323,0
"X102",0,0.00547828857546552,0.00106589745339285,0,0,0
"X103",0,0.0147011760864245,0.00424652463964996,0,0,0
"X104",0,0.00873229836172247,0.00189903095997374,0,0,0
"X105",0,0.00514921226475151,0.00185488851557157,0,0,0
"X106",0.000135559904568754,0.00788988990251832,0.000364113991256576,0,0.000753517689355813,0
"X107",0,0.0109234100373722,0.00375793607048168,0,0,0
"X108",0,0.0124383449614064,0.00137091263796449,0,0,0
"X109",4.02838480622401e-05,0.00754354939849427,0.000832175623431994,0,0,0
"X110",0,0.0134511046812271,0.00318251107124977,0,0,0
"X111",0,0.00141760516767885,9.50545968618672e-05,0.000282734890416063,8.55904190605131e-06,0
"X112",0,0.00284009231924094,5.0219364834373e-05,0,0.000784993799551938,0
"X113",0,0.0102030589903536,0.0030298198846576,0,0,0
"X114",0,0.000764548846140332,0.000231400677122033,0.000289563748479759,0.00217065045563164,0
"X115",0,0.00496008230927824,0.000419960694125985,0,0,0
"X116",0,0.0091265624216759,0.0032130130207347,0,0,0
"X117",7.92206367503503e-05,0.00619816001963918,0.000766920309942275,0,0,0
"X118",0,0.01625099658993,0.00599721598737424,0,0,0
"X119",0,0.00911471701462087,0.00180298113091279,0,0,0
"X120",5.35599415851255e-05,0.00442251143670543,0.000459985368634963,0.000804648953691734,0.00241934553749157,0
"X121",0,0.00575123885426512,0.000704529634347105,0,0,0
"X122",2.61747375551158e-06,0.0107019158287699,0.00108957919971827,0,0,0
"X123",0,0.00937040009830355,0.00174806024264231,0,0,0
"X124",0.0282878620882456,0,0,0,0,0
"X125",0,0.018434007323108,0.009442812997105,0,0,0
"X126",0,0.0142488872642243,0.00576932537325567,0,0,0
"X127",0,0.00461033190074388,0.00184566762662112,0,0,0
"X128",0,0.00688500148348038,0.00310175256771438,0,0,0
"X129",0,0.0173354603072566,0.00717931092666201,0,0,0
"X130",0,0.00246215110661229,0,0.00191059928599961,0.000722078560473113,8.8039584956942e-05
"X131",0,0.0130452780737741,0.0053304808327188,0,0,0
"X132",0,0.0132671005589936,0.00349527710292907,0,0,0
"X133",0,0.0170099356226993,0.00690766048642553,0,0,0
"X134",0,0.0123842880471303,0.00323570287015431,0,0,0
"X135",0,0.00748171498432338,0.00187029297490959,0,0,0
"X136",0,0.0112773106162054,1.87312012581817e-05,0,0.000528815666931347,0
"X137",0,0.0085596110456154,0.00340277937734789,0,0,0
"X138",0,0.00167193142854038,0.000133030936409634,0.00162658078513971,0.00110781236956654,0
"X139",0,0.00640168291636161,0.00121347743655317,0,0,0
"X140",0,0.00608119805145374,0.00287526625351068,0,0,0
"X141",0,0.0156145330420174,0.00723022668587265,0,0,0
"X142",0,0.0271648785723923,0.0113423966061894,0,0,0
"X143",0,0.00430096814576746,0.00283751619080469,0,0,0
"X144",0,0.0105023247623633,0.00485556068457745,0,0,0
"X145",0,0.00747774194606299,0.00322673260889858,0,0,0
"X146",0,0.00396593590999542,0.000480472585338442,0,0,0
"X147",3.55686164242441e-05,0.00268338702028938,0,9.31127737947134e-05,0.00193638095448123,0.000137727738998003
"X148",0,0.0108192628284226,0.00336943894083952,0,0,0
"X149",0,0.010356155355878,0.000989128945360786,0,0,0
"X150",0,0.0127042446341517,0.00447453065434257,0,0,0
"X151",0,0.00776442217099726,0.0020740237019445,0,0,0
"X152",0,0.00907193166310491,0.000655502640176691,0,0.00136911914867041,0
"X153",0,0.000145180601653523,0,0.00136654239259831,0.00326510611960911,0.000168896258074665
"X154",0,0.0147580359330397,0.00744870095686331,0,0,0
"X155",0,0.0100515359116431,0.000246854667773415,0,0.00316929671760225,0
"X156",0,0.0111323189617037,0.00355329923077514,0,0,0
"X157",0,0.00795176146124603,0.00313144058332434,0,0,0
"X158",0,0.0107345665076494,0.00572573814298408,0,0,0
"X159",0,0.0048379382201957,0.000488237910197463,0,0.000476596669548247,0
"X160",0,0.0102068520937837,0.00435556636412325,0,0,0
"X161",0,0.00501829380725684,0,0.00032349954244181,0.00432192349820106,0
"X162",0,0.00446237911240215,0.00104530859466555,0,0,0
"X163",0,0.0150594701319851,0.00492945298688588,0,0,0
"X164",6.86743419245811e-05,0.000403826304543155,0,0.000728591010910539,0.00271944311473813,1.6011103652523e-05
"X165",0,0.00547051890052202,0.000129008278772469,0.00135795542847652,0,0
"X166",0,0.00530707867483578,0.00103183593498876,0,0,0
"X167",0,0.0113578838755262,0.00487023227110456,0,0,0
"X168",0,0.00155093073754003,7.76407015310421e-05,0.000299817185667449,0.00100255788996394,0
"X169",0.0268064168497159,0,0,0,0,0
"X170",0,0,0,0.00123656320175663,0.00183506173636453,1.18236639087198e-05
"X171",0,0.00985135812930689,0.0021771855329833,0,0,0
"X172",0,0.00588050035759296,0.000597790032166229,0,0,0
"X173",0,0.0153720468020682,0.00639616191440041,0,0,0
"X174",0,0.0158708183368056,0.00813103309505818,0,0,0
"X175",0,0.0180802680042827,0.00792184446414398,0,0,0
"X176",0,0.00719108188717264,0.00068544879727866,0,0,0
"X177",0,0.00489413100275405,0,0.000161054911469354,0.00231641059103258,0
"X178",0,0.00673816665424467,0.00203685499656152,0,0,0
"X179",0,0.00961158732672619,0.00187675839753963,0,0,0
"X180",0,0.0112413119898741,0.00284307519544631,0,0,0
"X181",0,0.0108652750299349,0.00346075478746495,0,0,0
"X182",0,0.0102292775757206,0.00162978900841583,0,0,0
"X183",0,0.0153437238073429,0.00579381485162723,0,0,0
"X184",0.0110667505002121,0,0,0,0,0
"X185",0.000597213381260403,0.000418180886399264,0,0.00139826884324449,0.00568206353109201,0
"X186",0,0,0,0.00260127834669133,0.00297971203256275,0.00032440678722149
"X187",6.32561749980863e-05,0.00112341698237645,5.54553940668309e-05,0.000193044387551891,0.00140992617893793,1.96299691359658e-05
"X188",0,0.0149299556079924,0.00715580902988403,0,0,0
"X189",0,0.0156601973210509,0.00830238933575941,0,0,0
"X190",0,0.0108863989870623,0.00270526456501539,0,0,0
"X191",0,0.0141000802174294,0.00594990942825578,0,0,0
"X192",0.000483309705080932,0.00634904862321661,0.00163556053685496,0,0,0
"X193",4.6796377946116e-06,0.00017439701741939,0,0.000341031485129374,0.00206464760695139,6.85571423976813e-05
"X194",0,0.010898837976818,0.00420589571629941,0,0,0
"X195",0,0.00441809521104462,0.000627355629267111,0,0,0
"X196",0,0.00933059935131439,0.0042404008139293,0,0,0
"X197",0,0.00346190361175807,0.000396764013839309,0,0,0
"X198",0,0.0067150732380658,0.00152230848449608,0,0,0
"X199",2.79131153368941e-05,0.000160449098741412,0,0.00139017311576652,0.00330557755380727,0.000482852616537068
"X200",0,0.0148660834638784,0.00615918100118016,0,0,0
"X201",0.000454496804880023,0.00378328696960258,0.000294402943627831,0,0.00168894424998211,0
"X202",0,0.00567790110677342,0.00243067221819723,0,0,0
"X203",2.88323165442391e-05,0.00228909114284068,0,0.00189028224053896,0.0036848826422757,0.000330294337122011
"X204",0,0.0070806617461533,0.00180671618962712,0,0,0
"X205",0,0.012132584709109,0.00364034424888925,0,0,0
"X206",0.0059062630989484,0,0,0,0,0
"X207",0,0.0159369052646099,0.00489479846651104,0,0,0
"X208",0,0.00551303871706083,0.00201479673756457,0,0,0
"X209",0.00169761216678427,0.00237400339672577,0.00108600938871741,0,0,0
"X210",0,0.0116961947412464,0.0027132912028761,0,0,0
"X211",0,0,0,0.0023890171895106,0.00495806324848774,0
"X212",0.0282671254462588,0,0,0,0,0
"X213",0,0.0063949915816577,0.000905980488033585,0,0,0
"X214",0,0,0,0.00099814857873539,0.00426566917511349,0
"X215",0,0.0183386996362684,0.00725017366545017,0,0,0
"X216",0,0.0137254154193851,0.00399743241672355,0,0,0
"X217",0,0.0115981552444255,0.00391859149148447,0,0,0
"X218",0,0.00923595342231598,0.00140633834573458,0,0,0
"X219",0.000163691456277411,0.000135162840504025,0,0.00150158812217643,0.00506311591763145,6.49726145426274e-05
"X220",0.000814841841586397,0.00366116997507316,0.000789784111057216,0,0.00225574030008372,0
"X221",0,0.00618239463711351,0.00251268667337253,0,0,0
"X222",0,0.0144728599205863,0.0044163155430186,0,0,0
"X223",0,0.00549280977767156,0.000554679231307119,0,0.00259027421717438,0
"X224",0,0.00297117688463179,0,0.000463900516522662,0.0014534334238625,0
"X225",0.0466210938842746,0,0,0,0,0
"X226",0,0.00710038091931761,0.00146558169651699,0,0,0
"X227",0,0.00478222409398621,0.00148620234105377,0,0,0
"X228",0,0.00691562776553494,0.00265406745028296,0,0,0
"X229",0,0.00573179312015838,0,0.00171225570166468,9.39952501829713e-05,0
"X230",7.64400433639837e-06,0.000701948950366567,0,0.000916838473904632,0.00354899199207221,2.9752567581049e-05
"X231",0,0.00504260499164467,2.09565323184e-05,0,0.00236962823758612,0
"X232",0,0.00554257439955427,0.00106989096114711,0,0,0
"X233",0.000191130186856467,0.00434940734563568,0.000283136150169095,0,0,0
"X234",0,0.0103534916876675,0.00392684881516885,0,0,0
"X235",0,0.00845014433175868,0.00142741268339263,0,0.000164818900072308,0
"X236",0.000398458871044953,0.0018301301206425,0,0.00197094017485766,0.00423508020864681,0
"X237",0,0.00518229881202232,0,0,0,0
"X238",0,0.00761551866864352,0.00250781729703908,0,0,0
"X239",0.0061343255997098,0.0111679072717645,0.0084309133775218,0,0,0
"X240",0,0.00864214786724509,0.00244043640080383,0,0,0
"X241",0,0.0108499379976152,0.00258444165920165,0,0,0
"X242",0,0.00999343127329823,0.000201869931484494,0,0,0
"X243",0,0.0124889218365616,0.00368114500639394,0,0,0
"X244",0,0.0215770359294897,0.00818173409430182,0,0,0
"X245",0,0.00235347966225368,0.000298225986330767,1.79927434087775e-06,0.00169280748266516,0
"X246",4.90656438570823e-05,0.0077862444517507,0.000538409312347885,0,0,0
"X247",0,0.00629822739114564,0.000825643461846978,0,0,0
"X248",0,0.0174483463645948,0.00581934951721627,0,0,0
"X249",0,0.0165952278862522,0.00748247864236867,0,0,0
"X250",0,0.00109325801477459,0,0.000116287096239327,0.00203028838928715,0
"X251",0.0234652480626812,0,0,0,0,0
"X252",2.37334911787241e-05,0.00869814204990522,3.65002415398928e-05,0,0.00210617199920139,0
"X253",0,0.0201861024652231,0.00986937474468655,0,0,0
"X254",0,0.00952056130752145,0.00199014048574717,0,0,0
"X255",0,0.0166126214867894,0.00585053218423995,0,0,0
"X256",0,0.00533892466979058,0.00282022163546172,0,0,0
"X257",0,0.00640130503767376,0.000514954243125297,0,0,0
"X258",0,0.00408396294102752,0.00059001320417713,0,0,0
"X259",0.0235741738622789,0,0,0,0,0
"X260",0.000171928066524302,2.3163200281663e-05,0,0.00139300642049795,0.00234631279227069,0
"X261",0,0.00656014534749864,0.000821231258528992,0,0,0
"X262",0.000285037478364829,0.00593797198022729,0.000325743388122472,0,0.00333427882858642,0
"X263",6.27991262473441e-05,0.000468699993459252,0,0.00153241706183375,0.00659653026042829,0
"X264",0.0208530687271837,0,0.00185601743668637,0,0,0
"X265",5.2273379310145e-05,0.00882193503370917,0.00366988228018798,0,0,0
"X266",6.15054709665581e-06,0,0,0.00313367721559209,0.00563937099800342,0
"X267",0,0.0110538124694239,0.00426202112767693,0,0,0
"X268",5.91335724068025e-07,0.000536903918093785,0.000150056912239834,0.000542530233657821,0.00136392484260135,0
"X269",0,0.00291495325604598,0.000451723743723425,0,0,0
"X270",0,0.0199531959092301,0.0099370714511593,0,0,0
"X271",1.20559361080155e-05,0.00630541021509746,0.00228873587365766,0,0,0
"X272",0,0.00630417564203816,0.00152335032676227,0,0,0
"X273",0,0.0134313422717677,0.00520224201313954,0,0,0
"X274",0,0.00818446665573151,0.000450400207692882,0,0,0
"X275",0,0.0145625739007328,0.0071803971247978,0,0,0
"X276",0,0.00800874535868408,0.00475899735811458,0,0,0
"X277",0,0.00882727132861062,0.00523422510906459,0,0,0
"X278",0.00702411527662874,0,0,0,0,0
"X279",0,0.00535167570426219,0.000623996822927697,0,0,0
"X280",0,0.00374206035225098,0.000147774486548078,0,0,0
"X281",2.35842174142291e-05,0.0110996573003885,0.000886011797730349,0,0.00115895873807549,0
"X282",0,0.00700611076157149,0.00321407188883403,0,0,0
"X283",0,0.0211309573466278,0.0080555731578718,0,0,0
"X284",0,0.0159064497185674,0.00614931084131476,0,0,0
"X285",0,0.010379518344956,0.00759927696474131,0,0,0
"X286",0,0.0040378714947405,0,9.31789675817002e-05,0.00247828487979259,0
"X287",0,0.0153875468643662,0.0057523566766189,0,0,0
"X288",0,0.00813329017429936,0.00103603867847933,0,0,0
"X289",0,0.00071359767495444,0,0.00195395144337905,0.00190345569904364,0.00212009193548324
"X290",0,0.00240297339374473,7.43493058281281e-05,8.36783182153536e-05,0.00171033044047447,0
"X291",0.00085611812427811,0.0148919751578957,0.00381330865396941,0,0,0
"X292",0.000203595437208772,0.00397715464117049,0,0,0.000936702294748455,0
"X293",0.00284994595433806,0.00216224548852443,0,0.000960673757406016,0.00293362079689341,0
"X294",0,0.00655663692553065,0.00116806572140579,0,0.00141844476919276,0
"X295",0,1.88049320784935e-05,0,0.00442589299334249,0.00157723117095107,0.000484028257304055
"X296",0.000280214866137272,0.00663123930468425,0.00174701856781568,0,0,0
"X297",0,0.00799157876952311,0.000777168383672608,0,0,0
"X298",0,0.00879643763435126,0.00357064589111086,0,0,0
"X299",0,0.00886755841709454,0.00171630808700953,0,0,0
"X300",0,0.0179268505533601,0.00658122449347282,0,0,0
"X301",0,0.0149587617385298,0.00341988760105014,0,0,0
"X302",1.43258788245678e-05,0.00895057551259389,0.0019873080285368,0,0,0
"X303",4.63281207166553e-06,0.000173149179063232,0,0.00116359400422666,0.00349949727215117,0
"X304",0,0.00204075146806055,2.81896986081631e-05,0.00123296296720037,0.0028918971853093,0
"X305",0,0.00296542091435878,0,0.00105890100045848,0.0010970296449408,6.0714459335678e-05
"X306",0,0.012870391990688,0.00442217363466,0,0,0
"X307",0.0057873265915513,0,0,0,0,0
"X308",0,0.0151529029279368,0.00312082346413134,0,0,0
"X309",0,0.000342363545227365,0,0.00073483833603788,0.00571757094267359,1.94811756488108e-06
"X310",0.00200019387144723,0.0138988181361348,0.00319460927280872,0,0,0
"X311",1.86809955674191e-05,0.00518902144043254,0.000130875931372495,0.00106493203324047,0.000794372839310899,0
"X312",0.00785421549904612,0.00485650266225281,0.00379688116893839,0,0,0
"X313",1.01716228976223e-05,0.00064117786393835,0,0.00117495685239333,0.00269291382623857,3.05937685527981e-05
"X314",0,0.012101337780165,0.003485610401745,0,0,0
"X315",5.33857823038793e-05,0.000226146113734572,0,0.00203634795823661,0.00511638615828203,0.000186209473028364
"X316",0,0,0,0.00141801994311991,0.00332229735345302,6.56708963834288e-05
"X317",0,0.00660754988300956,0.00269388156463477,0,0,0
"X318",0.0147654719093413,0,0.00206266578617066,0,0,0
"X319",0,0.0106965103363126,0.0037518282906366,0,0,0
"X320",0,0.00882929250131253,0.00228523726841959,0,0,0
"X321",0,4.9294575085387e-05,0,0.000802199150693753,0.00290152977187395,0
"X322",0,0.00639617827848376,0.000259266691850378,0,0,0
"X323",0,0.00534916482223156,0.000698891438160915,0,0.00104331057361594,0
"X324",6.44017865758872e-05,0,0,0.00102007558958843,0.00171845945554946,0
"X325",0,0.00823166255381167,0.00229125612661001,0,0,0
"X326",0,0.0079607856804638,0.00232209841369399,0,0,0
"X327",0,0.0127504513744207,0.00398808751361587,0,0,0
"X328",0,0.00578430746013918,0.00190552195293795,0,0,0
"X329",0,0.0276332269320986,0.0120614840213769,0,0,0
"X330",0,0.00923682422634739,0.00230295406980111,0,0,0
"X331",0,0.0198323830212894,0.00713002235259056,0,0,0
"X332",0,0.0163021272686146,0.00716606932392302,0,0,0
"X333",0,0.0135670743809359,0.00387630436316906,0,0,0
"X334",0,0.0178880617994286,0.00401694856268922,0,0,0
"X335",0,0.0157331313636726,0.00460632368508819,0,0,0
"X336",0,0.00869797918069864,0.00352184914748736,0,0,0
"X337",0,0,0,0.00476422181397198,0.00373590206398287,0.000362571198452527
"X338",0.00016131750219779,0.00159297200276175,0,0.00115836839993035,0.00446196196481372,0
"X339",0,0.00729538575871485,0.0018340309039709,0,0,0
"X340",0,0.00877274960907234,0,0,0,0
"X341",0.00034239205668457,0.00670225328638142,0.00103804164398161,0,0,0
"X342",0,0.000292550218524408,0,0.000751937674505754,0.00484020730387228,0
"X343",0,0.0125439745637643,0.00621927749557066,0,0,0
"X344",0.000661947335950182,0.00399812882639826,0,0.000575097364572005,0.00248918916564026,0
"X345",0,0.0127136659486968,0.00444214838199628,0,0,0
"X346",0.0144263376677669,0,0.000528388402366308,0,0,0
"X347",0,0.00895276913457013,0.00330782606842279,0,0,0
"X348",0,0.0106954766779019,0.00481350395936861,0,0,0
"X349",0.000259390359971742,0.00126170419815846,0.000353586348620038,0.000725446545068888,0.000875091853808283,0
"X350",0,0.0108848034086662,0.00308640617239579,0,0,0
"X351",0,0.00735869483798175,0.000563817096761857,0.00142421495257231,2.60201679689922e-05,0
"X352",0,0.00220782616851337,0,0.000586279517454444,0.00249030888949919,0
"X353",0.000117739133416712,4.28182187144103e-05,0,0.00257646948048527,0.00329934219680668,3.84212175351452e-05
"X354",0,0.0127787653592801,0.00444309399336569,0,0,0
"X355",0,0.00837216950178838,0.00243389505883749,0,0,0
"X356",0,0.008782446692328,0.00336315690441915,0,0,0
"X357",0,0.00938666682915248,0.00205828162444202,0,0,0
"X358",0,0.013470480750162,0.00472263472241631,0,0,0
"X359",0,0.00847465752473071,0.00251448140324934,0,0,0
"X360",0,0.016682316229922,0.0063000996267662,0,0,0
"X361",0,0.0137797658389824,0.00240363510487413,0,0,0
"X362",0,0.0222618513292078,0.00705681885382492,0,0,0
"X363",0,0.0103579325651773,0.0053483752638257,0,0,0
"X364",0,0.00487552397387161,8.24870455513065e-05,0.00166320815834441,0.000193681529250725,0
"X365",0,0.00928341307883719,0.00219688577955137,0,0,0
"X366",0,0.00744752019617729,0,0,0,0
"X367",0,0.00921944327192779,0.00191113527021408,0,0,0
"X368",0.000131804486865979,0.0027580399699855,0,0.00225039012359763,0.00322336066452251,0
"X369",0,0.00715237393703658,0.000446782755983057,0,0,0
"X370",0,0.010778720766483,0.00248700360584837,0,0,0
"X371",0,0.0104737070184075,0.00458038156354453,0,0,0
"X372",0,0.00560020919727117,0,0.000626344941099305,0.00255651246153795,0
"X373",9.19959060728731e-05,0.00527797829836389,0.000647266025387758,0,0,0
"X374",0,0.0107133805337214,0.00335634838222793,0,0,0
"X375",2.59573274368826e-05,0.00405298469909583,0.000560248294242481,0,0,0.000827075578730615
"X376",0.0064952833974779,0.000743965227432092,0.00109834340101035,0,0,0
"X377",0,0.00279573090135224,0.00088658847951329,0,0,0
"X378",4.54684227864455e-05,0,0,0.00132978681534016,0.00605252457754979,0
"X379",0.000338614686413629,3.0967878402835e-05,0,0.00135277482050703,0.00262179684765316,0.000265704484166153
"X380",0,0.0103305352693112,0.00325095690735604,0,0,0
"X381",0,0.00990376132161164,0.00188480673391483,0,0,0
"X382",0,0.0136984757125536,0.00291129802679762,0,0,0
"X383",0,0.018543708755285,0.00726590941960163,0,0,0
"X384",0,0.00790502886058276,0.00176962599971577,0,0,0
"X385",0,0.00489152712336943,0,0,0.00228917637626567,0
"X386",0,0.00565398066833785,0.00252773490520893,0,0,0
"X387",0,0.0117779115749769,0.00273068171968275,0,0,0
"X388",0,0.00555376728751732,0,7.18874264734659e-05,0.00203727860791171,0
"X389",0,0.00428625328876677,1.56690396562506e-05,0,0.0019198136124264,0
"X390",0,0.00553827365552699,0.000436880284241284,0,0.000637825706728765,0
"X391",0,0.0183206425140924,0.00758708553644099,0,0,0
"X392",0,0,0,0.00234487692716084,0.00273923275472035,0.000123083666864826
"X393",5.59288460967657e-07,4.18166948095192e-06,0,0.000782378094185917,0.00318312635256934,0.000172981862101397
"X394",0,0.00754477482752083,0.00382317963986682,0,0,0
"X395",0,0.0169790245534251,0.00552345607286622,0,0,0
"X396",6.2376389939962e-06,0.00650601582291575,0.000646640927220657,0,0,0
"X397",0,0.000804413511455115,0,0.000907614462564581,0.00201514927632181,8.04227173827985e-05
"X398",0,0.00822114218238488,0.00279222590589937,0,0,0
"X399",0,0.0146607263781388,0.0057403732988718,0,0,0
"X400",0,0.00835564138680597,0.0020960114065469,0,0,0
"X401",0.000209540845105503,0.00891352283043739,0.00136197144699568,0,0,0
"X402",0,0.00932359728265128,0.000802583436725726,0,0,0
"X403",0.000208615699229552,0.00273761361137995,0,0.000437882754211739,0.00273677442364176,0
"X404",0,0.0163172932582918,0.00686381029637655,0,0,0
"X405",0,0.0100019640150743,0.00345401107317571,0,0,0
"X406",0.00297291752721077,0.00934265070069442,0.00419521071926481,0,0,0
"X407",0,0.0159943876389712,0.0061733724941098,0,0,0
"X408",0,0.00531185933440493,0.000982581288563516,0,2.73202581585384e-05,0
"X409",0,0.00733222356734693,0.00427372905677715,0,0,0
"X410",0,0.013504480833935,0.00700638355409962,0,0,0
"X411",0,0.00140050140798308,0,0.00165979424716545,0.000752453116416112,0.000238750933488766
"X412",0,0.0104736518565617,0.00433881583775519,0,0,0
"X413",0.000313474475637152,0.00473709682363171,4.81809744318194e-05,0.000127311180139025,0.00139177513142627,0
"X414",0.000444115714408462,0.00359170096785734,0.000772046339972513,0,0,0
"X415",5.15970151096918e-05,4.86158718551974e-05,0,0.000624280664504903,0.00222819664600338,0
"X416",0,0.00873407762085756,0.00337528331116198,0,0,0
"X417",0,0.0234892448334567,0.0115341587685935,0,0,0
"X418",0,0.0103239762322156,0.00226129562058809,0,0,0
"X419",0,0.00751110234975461,0.00270062302687342,0,0,0
"X420",0,0.0114856579250909,0.00460202829090323,0,0,0
"X421",0,0.0159331099621909,0.0050358081774267,0,0,0
"X422",0,0.0228327058911186,0.0128643392141405,0,0,0
"X423",0,0.00978403134733097,0.00473542512120388,0,0,0
"X424",0,0.00458331226627941,0.000195459879113027,0.00210526990366412,0.000491385653846571,0
"X425",0,0.00937422555934208,0.00395634995175401,0,0,0
"X426",0,0.00597191871479008,0.00118335106279639,0,0.000546745259284286,0
"X427",2.83134356562777e-05,0.000203367312698746,0,0.00124358334229084,0.00473615706974564,0
"X428",0,0.012275264513005,0.00464984726836247,0,0,0
"X429",0,0.00577675164473921,0.00358106149034339,0,0,0
"X430",8.27554488095934e-05,0.0016060074539385,3.77251980540069e-05,0.000344328308959609,0.00105378486828131,0
"X431",4.5749370552649e-05,0.00344280024495874,0,0.000804218627578722,0.00316010437889,0
"X432",0,0.0089584600240221,0.00311537076685259,0,0,0
"X433",0,0.0168665450195157,0.00872280742677476,0,0,0
"X434",0,0.0146443093632181,0.00526133646171022,0,0,0
"X435",0,0.00277295698355699,0.000472962231705583,0,0,0
"X436",0,0.0133537677768421,0.00439252744894042,0,0,0
"X437",0,0.0169862757657174,0.00954387637932695,0,0,0
"X438",0,0.0101794407067328,0.00131608991712723,0,0,0
"X439",0,0.00583937555165147,0.00089169883092918,0,0,0
"X440",0,0.00862699646023204,0.00164808826086267,0,0,0
"X441",0,0.00473793632657349,0.00165055606471382,0,0,0
"X442",0,0.00653289820909005,0.00161837765739889,0,0,0
"X443",6.13800455998443e-05,0.00243464328638862,0,0.000522840073021586,0.00266159830730216,0
"X444",0,0.00770652906584092,0.00500439429312112,0,0,0
"X445",0,0.0122674257208205,0.00442728482637069,0,0,0
"X446",3.64321852309455e-07,0,0,0.00186576187143584,0.00470094500009563,0
"X447",0,0.00585837499750407,0.000685590292058873,0,0.000264443638113105,0
"X448",0,0.00509212232777755,0.00151401820047706,0,0,0
"X449",0.000551665798226291,0.014118641970373,0.00426943510355909,0,0,0
"X450",0,0.00407854305045812,0.000552682860079134,0,0,0
"X451",0,0.00308153294674607,5.48943396874089e-05,0.000815109406082837,0.000197342509810163,0
"X452",0.00629668850408092,0,0,0,0,0
"X453",0.025323412980022,0,0,0,0,0
"X454",0,0.00796696568371308,0,0,0.000638740652940414,0
"X455",0,0.00941360997365848,0.00245081959548464,0,0,0
"X456",0.000156436933222034,0.00726313111224675,0.00189896013134383,0,0,0
"X457",7.93279666880003e-05,0,0,0.000685536975362212,0.0026491569149859,0
"X458",0,0.0142825134907683,0.00329190449020659,0,0,0
"X459",0.000182091191760349,0.00372879471723377,0,0.00102039597598483,0.00547632966821944,0
"X460",0,0.0109389754136797,0.00206593666711031,0,0,0
"X461",0,0.00407856948934109,0,0.000214024021351823,0.000323608121975801,0
"X462",0,0,0,0.00205009670130295,0.00377511657049473,0.000104790953441984
"X463",0,0.00109308187048813,0,0.000932710220641439,0.000723685765185715,0
"X464",0.0260753862052997,0,0.000253015164810266,0,0,0
"X465",0,0.016973910985059,0.00735628708878418,0,0,0
"X466",0,0.0179574346765108,0.00732836275445743,0,0,0
"X467",0,0.0033741906650698,3.14112781136328e-05,0.00113288734240087,0.00290828443775363,0
"X468",0,0.00425044585541348,0.00223643976343072,0,0,0
"X469",3.9396624750163e-05,0.000830689458662653,0,0.00363386852504832,0.00517896955262417,0
"X470",0,0.00669888175708667,0.000412147171950591,0,0,0
"X471",0,0.00313964247430756,0,0.00113104146598872,0.00351681076423437,0
"X472",0,0.0109201919628434,0.00186157986481729,0,0,0
"X473",0,0.00914282360459571,0.00414655906847012,0,0,0
"X474",0,0.010969523385134,0.00390683504445156,0,0,0
"X475",0,0.00341866717167105,0.00168290615050022,0,0,0
"X476",0,0.00405948711461036,0.000364616777613459,0,0,0
"X477",0,0.000437265142098893,0,0.00228518464753091,0.00356672328546742,2.08400924042962e-05
"X478",0.00818562963602435,0,0.00102669014690502,0,0,0
"X479",0,0.00468246484389862,0.00124431901328558,0,0,0
"X480",0,0.0196845090844403,0.0114015941654886,0,0,0
"X481",0,0.0187580558792311,0.00873334447698281,0,0,0
"X482",0.0182480231933126,0,0,0,0,0
"X483",0,0.0111862794281279,0.0013019721355487,0,0.000670921692641116,0
"X484",0,0.00109152491025778,0,0.000919103507046219,0.00503553683410362,0
"X485",0,0.00529418496729694,0,0.000817990967877244,0.00291342922300697,1.34654112553063e-05
"X486",0,0.00836609524409227,0.000840198628671489,0,0,0
"X487",0,0.0201766746576261,0.00847306304405092,0,0,0
"X488",7.66471230588578e-05,0.0010429926685798,0.000562660351995727,0,0.000358961623771582,0
"X489",7.05194521071881e-05,0.00266942949487914,0,0.000794615939778067,0.00182262089081587,0
"X490",0.000566809437723269,0.000383988292591006,0,0.0012656362163888,0.00279878358104654,0
"X491",0,0.0187079010685116,0.010322216311026,0,0,0
"X492",0,0.0109859452548655,0.00403324826949709,0,0,0
"X493",0,0.00936801129015173,0.0023473351085738,0,0,0
"X494",0,0.000628660615075765,0,0.000383371815242387,0.0031663809187592,0
"X495",0.00040308857714122,0.000242906578241437,0,0.000722084715869726,0.00211220820407519,0
"X496",0,0.00146413567100082,0,0.00298035621011571,0.00353780232038521,0.0001675562830148
"X497",0,0.0115698257040062,0.00502334145257801,0,0,0
"X498",0,0.0103588475052786,0.00338411365375307,0,0,0
"X499",0,0.0158146724037663,0.00710401658471515,0,0,0
"X500",0,0.00518323182629866,0.00188309843633412,0,0,0
"X501",0,0.010079271254817,0.00408403373873494,0,0,0
"X502",0,0.00560055291160837,0.0022018751327082,0,0,0
"X503",0,0.00545133220302208,0.000597055904550211,0,0,0
"X504",0.000759705667883429,0.00530113445013854,0,0.00095336225046926,0.00221334731353072,0
"X505",0,0.0082852271645778,0.00263332147928022,0,0,0
"X506",0,0.0211510125160719,0.0104970602258856,0,0,0
"X507",0,0.0141441051167855,0.00637751412713042,0,0,0
"X508",0.00027009114666863,0.0101344684875602,0.00370781225719194,0,0,0
"X509",0,0.00515895715440491,0,0.000747573613139064,0.00426980663266658,0
"X510",0,0.00393676831779521,0.000459228438603673,0.000652692151939246,0.000298305976345257,0
"X511",0,0.0152077415097642,0.00578583297125375,0,0,0
"X512",0,0.00672663537234537,0.00180155564556671,0,0,0
"X513",0.0182320968986415,0,0,0,0,0
"X514",0,0.0123481256811064,0.0045108814631797,0,0,0
"X515",0,0.0132543882292588,0.00310706254086553,0,0,0
"X516",0,0.00848403697022751,0.00351504293362991,0,0,0
"X517",0,0.0157211550077626,0.00493118653788848,0,0,0
"X518",0.000879615880768644,0.00845799203483773,0.00303160385656104,0,0,0
"X519",0,0.0182834824313708,0.00770846878618536,0,0,0
"X520",0,0.0103288193445961,0.00417735086470789,0,0,0
"X521",0,0.0135705902404998,0.00659078353012088,0,0,0
"X522",0.000115047145754901,0.00110385217418082,0.000261637894952308,0.000486634603642902,0.000267268049923713,0
"X523",0,0.0124113749710849,0.00760521578931874,0,0,0
"X524",0,0.0142158629130991,0.00456420889504611,0,0,0
"X525",0,0.00561266473793809,0.00215566850239016,0,0,0
"X526",0.000144468007221321,0.00722606737817796,0.00273214856514294,0,0,0
"X527",0,0.00528067309241018,0.00203104105601352,0,0,0
"X528",0,0.0165124976520225,0.00544254866274503,0,0,0
"X529",0,0.0130457288819999,0.00505159989402695,0,0,0
"X530",0,0.00710590300474926,0.00139112322963506,0,0,0
"X531",0,0.021612236973712,0.0107141250248643,0,0,0
"X532",0.000185616109662853,0.00567804093897268,0.00175389899788234,0,0,0
"X533",0,0.0074557732148204,0.00334717004389302,0,0,0
"X534",6.51590455319733e-05,0.00142757623150454,0,0.00288039155172704,0.00242971624653518,0.000162127832964376
"X535",0,0.00721232599912732,0.00110123915996135,0,0,0
"X536",0,0.00573438947620953,0.00237754944207165,0,0,0
"X537",0,0.0124200173300258,0.00158436785303652,0,0,0
"X538",0,0.0158919613447299,0.0076370490390904,0,0,0
"X539",0,0.00517908998387607,0.000522901554940731,0,0,0
"X540",1.03503474409746e-05,0.00804880735296841,0.00199570284202313,0,0,0
"X541",0.0136732882791095,0,0,0,0,0
"X542",0,0.00222469436344299,0,0.00097918997527992,0.00376571771781662,0.000183421093297934
"X543",0,0.0117116644730939,0.00396536318102441,0,0,0
"X544",0,0.0163446069386533,0.00402205058944581,0,0,0
"X545",2.96906670083104e-05,0.00483290919258203,0.000293630862950515,0,0,0
"X546",0,0.00660219569937018,0.00291285145200093,0,0,0
"X547",0.00118708257681714,1.43090166501367e-05,0,0.000919024346904895,0.00199456478719947,0
"X548",0,0.00411219667222049,0.00103649246358097,0,0,0
"X549",0,0.0086244872841189,0.00243305057965737,0,0,0
"X550",0,0.00451663422441636,0.000429781774802925,0,0,0
"X551",0,0.00828095882580717,0.00195010205376821,0,0,0
"X552",0,0.00822501610048551,0.00171781247788397,0,0,0
"X553",0,0.00284738109322551,0,0,0.0015796645709679,0
"X554",0,0.00684071201104257,0.00129765304189335,0,0,0
"X555",0,0.00762993419413094,0.00202119139459251,0,0,0
"X556",0,0.0159718275510338,0.00645985244295957,0,0,0
"X557",0.0157206690435105,0,0,0,0,0
"X558",0,0.0141825142009665,0.00464207603919687,0,0,0
"X559",0,0.0130917809397544,0.00347960760871945,0,0,0
"X560",0.0254297811374667,0,0.00653942109558813,0,0,0
"X561",0,0.00644625169900377,0.00185759027073597,0,0,0
"X562",0.000913016871269412,0.00845685402230091,0.00101633703016477,0,0,0
"X563",0,0.00999855231611955,0.00350491975057751,0,0,0
"X564",0,0.000323524010580666,0,0.00150419339615118,0.00362609375611724,0
"X565",0,0.00753867474169494,0.00359629867176739,0,0,0
"X566",0,0.00573530523083002,0.000526685650155779,0,0.00231414621024338,0
"X567",0,0.00373142263508651,0,0.0015109433641501,0.00237608118010563,0
"X568",0,0.0131598410234999,0.00422957508058806,0,0,0
"X569",0,0.00534835177064499,0,0.000173925262564755,0.00207430815532765,0
"X570",1.00752330827458e-06,0.00475729300336235,0,0.000389346947397609,0.0029926442416359,0
"X571",0,0.0100461660383982,0.00255444637809654,0,0,0
"X572",5.6721117188721e-05,0.0100211879577601,0.00249915689288856,0,0,0
"X573",0,0.00650719685205229,0.000433738637372169,0.000406348190320687,0.00177997724166379,0
"X574",0,0.00414289868326465,0.000935465726038117,0,0,0
"X575",0,0.00697544597515334,0.000320509792829672,0,9.57505514108809e-05,0
"X576",0,0.000215489003762026,0,0.00179247006525595,0.000824480386964214,0
"X577",0,0.00720846227482306,0.000355270559753566,0,0.000332929645897108,0
"X578",0,0.00241362926969514,5.52063092589661e-06,0.000743194676804696,0.00241453316607149,0
"X579",0.00742448608206896,0.00673746699859238,0.00553843936722322,0,0,0
"X580",7.6333561162954e-05,0.00306292751498305,0,0.000283056993956216,0.000959215189726602,0
"X581",0,0.0159409144363162,0.00662544656099473,0,0,0
"X582",0,0.00773319106554306,0.00146277588436501,0,0,0
"X583",0,0.00757514974042443,0.00136514208916342,0,0,0
"X584",0.00196827271219005,0.0119633398750037,0.00480190000500998,0,0,0
"X585",0,0.00821411426190935,0.00260083551040079,0,0,0
"X586",0,0.00818549352389464,0.0017358533507379,0,0,0
"X587",0,0.0153564856052724,0.00672054698845608,0,0,0
"X588",0,4.24035855643013e-05,0,0.0054000531490412,0.0045779538911181,0.000249809369482179
"X589",0,0.0146479530214661,0.00307942085612665,0,0,0
"X590",0.02440442576052,0,0.00509230948153193,0,0,0
"X591",0.00024090171431323,0.00280131221905024,0.000920069299918027,0,0.00216126445726415,0
"X592",0.0178612528658036,0,0,0,0,0
"X593",0.0002007034114692,0.0069988846179758,0,0.000225242960735554,0.00116075206274404,0
"X594",0,0.00669350200488004,0.00198389308415268,0,0,0
"X595",0,0.00355997850370324,0,0.0016613988768763,0.00342896949894961,2.84757690686737e-05
"X596",0,0.0130376732001338,0.00457337872228852,0,0,0
"X597",0,0.00918010810041906,0.000178060265890916,0,0,0
"X598",0,0,0,0.00357473013369399,0.00408674808526199,0.000240588543798047
"X599",0,0.0073997109657862,0.00214633235217515,0,0,0
"X600",0,0.0122369970400229,0.00358878312343937,0,0,0
"X601",0.000445700922411818,0.00614198203682472,0.00216604309467104,0,0,0
"X602",0,0.0104422149561149,0.00697135496662782,0,0,0
"X603",0,0.00309473150315736,4.95809864762581e-05,0,0.00139810377515479,0
"X604",0.0218238725338871,0,0.000350973743013655,0,0,0
"X605",0.0143436136082448,0,0,0,0,0
"X606",0,0.00840516386080534,0.00533049280748941,0,0,0
"X607",0,0.0127028494945474,0.00243914140367388,0,0,0
"X608",1.7890159471512e-05,0.00600377803095485,0,0,0.0018457268357406,0
"X609",0,0.0151866454696942,0.0071834737335953,0,0,0
"X610",0,0.0156201576298587,0.0070892551349472,0,0,0
"X611",0.00014071717333422,3.05223267394027e-05,0,0.00121318652966974,0.00315978524331644,3.96745122164466e-05
"X612",0,0.0121882375491634,0.00381944653820467,0,0,0
"X613",0,0.0117031829893779,0.00393687553065727,0,0,0
"X614",0.0158331863976775,0,0.00177435718509312,0,0,0
"X615",0.021294217764837,0,0,0,0,0
"X616",0,0.00635193082520747,0.00232061257103227,0,0,0
"X617",2.23638494848253e-05,0.00420972689364715,0.00111942363465022,0,0,0
"X618",0,0.00591740519483605,0.000628150727397688,0,0,0
"X619",0,0.00438795793722787,0.00223685132142472,0,0,0
"X620",0,0.00773960358833789,0.00120948245010808,0,0,0
"X621",0.0148497415561331,0,0,0,0,0
"X622",0,0.0176096983722381,0.00826366747890417,0,0,0
"X623",0.000671871208211513,0.00122637113727058,0,0.000418990753287001,0.00225886096659233,0
"X624",0,0.00648767492290089,0.000776166394060325,0,0,0
"X625",0.00818731257849213,0,0,0,0,0
"X626",0,0.0150682048178721,0.00692738115483686,0,0,0
"X627",8.76264168361481e-06,0.00572632519372138,8.00229751668192e-06,0,0.000115467130701705,0
"X628",0,0.00276158590770218,0,0,0.000515267552633916,0
"X629",0,0.0118290446211404,0.0052767614597529,0,0,0
"X630",0,0.0191818361779443,0.00556486871731359,0,0,0
"X631",0,0.00998436010900375,0.00390933375984303,0,0,0
"X632",0.000254764831018072,0.00858067024613695,0.00162719300857159,0,0,0
"X633",0,0.0032707024027441,0,0.000364670073091184,0.00106403197594582,0
"X634",0,0.0105879232271924,0.00387254037765538,0,0,0
"X635",5.96330807989055e-05,0.0045136684548909,0.000467176287394888,0,0.000219951424648238,0
"X636",0,0.00216315648442815,0.000431888738868909,0,0,0
"X637",0.0255931918364575,0,0.00184564945280906,0,0,0
"X638",0,0,0,0.000992272491452374,0.00231640657099649,0
"X639",0,0.00254218214558892,0,0.00246627131845632,0.00303984314428294,0
"X640",3.24375504067011e-05,0.00444140990156306,0.00203772624890579,0,0,0
"X641",0,0.0119702401259536,0.00329112842733472,0,0,0
"X642",0,0,0,0.000350003413087611,0.00456244020349954,7.47476394849513e-05
"X643",4.83553271986345e-05,0,0,0.00134338361878812,0.00202905726077425,0.000204641487928687
"X644",0,0.00945223654990736,0.00207402782611891,0,0,0
"X645",0,0.0160015782013814,0.00988380371770109,0,0,0
"X646",0,0.0105656084874641,0.00537410309454304,0,0,0
"X647",0.000108863346682768,7.37640416854347e-05,0,0.000736922150062478,0.00207384099500662,0
"X648",0,0.0066363332541971,0.00205133593026563,0,0,0
"X649",0.000119301872770932,0,0,0.000579319187189575,0.00232403170201531,0
"X650",0,0.00641427880809135,0.000916407053292633,0,0,0
"X651",0,0.0051610585668253,0.00197562322135388,0,0,0
"X652",0.0214509509332356,0,0.00525945993904837,0,0,0
"X653",0,0.000539415669097822,0,0.00193478525217716,0.00277611255708999,0.000223711510552504
"X654",0,0.0105845332388976,0.00142888727392423,0,0,0
"X655",0.000256732355417295,0.00353880237909934,0,0.000551938086309278,0.0023305783408537,0
"X656",0,0.0111589161777309,0.00348357916117686,0,0,0
"X657",0,0.0119891099343744,0.00603225390959175,0,0,0
"X658",0,0.0159209790707389,0.00536173093098496,0,0,0
"X659",1.71946116861027e-05,0.0130763050566867,0.00282983952210956,0,0,0
"X660",0,0.00814238220909855,0.000449683475399199,0,0.000446778048245654,0
"X661",0,0.00671280780442356,0.00148925092188438,0,0,0
"X662",0,0.00888337865758149,0.000614456262562647,0,0,0
"X663",0,0.00386514527191603,0,0.00184630707366049,5.02683309180232e-05,0.000209007956983979
"X664",0.00437772020199766,0.00718783652931796,0.00472533276510065,0,0,0
"X665",0,0.0115322850073832,0.00243661590026102,0,0,0
"X666",0,0.0153817390757274,0.00533404932267744,0,0,0
"X667",0.0138156398609995,0,0,0,0,0
"X668",4.08508147008448e-05,0.00263799102745495,0,4.17051207727532e-05,0.00184030360083871,0
"X669",0,0.00625076487495506,0.00298892499262007,0,0,0
"X670",0,0.00737260731787212,0.00232803422490897,0,0,0
"X671",0,0.013840790233576,0.00568025652156214,0,0,0
"X672",0,0,0,0.00533399024408881,0.00349197228785583,0.000762100662110122
"X673",0,0.0118571895911541,0.00138150513342553,0,0,0
"X674",0.000162947416476671,0.00349620862087796,0,0.00170825239753264,0.00239109101917077,0
"X675",0,0.00967151198284139,0.00121598740434501,0,0.0013777645350977,0
"X676",0,0,0,0.00442782977009321,0.00323039985731659,0.000157128191586473
"X677",0,0.0112399597265233,0.00370624494575869,0,0,0
"X678",0,0,0,0.00157973833929247,0.00406732864080955,0.000111183305158085
"X679",0.000262892775793077,0.00424139577257186,0,0.000778124714412337,0.00457190307725581,0
"X680",0,0.00601480431418914,0.00163150465604186,0,0,0
"X681",0.0290336472510913,0,0,0,0,0
"X682",0,0.0114667174644278,0.00410787379933928,0,0,0
"X683",0,0.00869072675653535,0.00191295755690002,0,0,0
"X684",0,0.00780492279039771,0.0032614953169636,0,0,0
"X685",0.00457599942516726,0.00553030560125014,0.00359020318187695,0,0,0
"X686",0,0.0052351381432705,0.00195347631067467,0,0,0
"X687",0,0.0166429483026821,0.0056681344308672,0,0,0
"X688",0.000306187313316383,0.00454012374521483,0,0,0.00160509721444428,0
"X689",0,0.00985608928346419,0.00185000680632537,0,0,0
"X690",0.000249533846427859,0.00156748162627293,0.000141952886072446,0.00103355888815757,0.00302019454651766,0
"X691",0,0.00735805166466346,0.00254662286684518,0,0,0
"X692",0,0.00685311675993243,0.00190233008802117,0,0,0
"X693",0,0.0136652554085605,0.00439122345856161,0,0,0
"X694",0,0.0140027246775589,0.00385007491188564,0,0,0
"X695",1.60400804497145e-05,0.00366787627368541,0,0.001375904120062,0.00303042181011659,4.97573796529163e-05
"X696",0,0.00626407399948889,0.00196333435282591,0,0,0
"X697",0,0.00834577567027037,0.0021907631161612,0,0,0
"X698",0,0.00857780453837451,0.00521379178948404,0,0,0
"X699",0,0.011426137073907,0.00371418909355764,0,0,0
"X700",0,0.00918562014025696,0.00319407718311272,0,0,0
"X701",0,0.0207038982804384,0.00978642653331413,0,0,0
"X702",0,0.0139794409484038,0.00471692432363205,0,0,0
"X703",0.000238557367676343,0.0053009008374032,0.000525004293693964,0,0.00218709618719415,0
"X704",0.000119657784471193,0.00784248026881555,0.000968192617753093,0,0,0
"X705",0,0.00720827092923321,0.00193467072052378,0,0,0
"X706",0,0,0,0.00269769818432402,0.003272438847908,0.000222513910803183
"X707",0,0.0084078171250226,0.00259320424485195,0,0,0
"X708",0,0.00991779152959278,0.00302329934316178,0,0,0
"X709",0,0.00704397724797484,0.000550019061577377,0,0,0
"X710",0.00786659087175454,0,0,0,0,0
"X711",0,0,0,0.000996824945427136,0.00242799128988308,0
"X712",2.87168820520917e-05,0.00481387034329323,0.000511448530117039,0,0,0
"X713",0.0130060644651745,0.00588668826123819,0.00452060107953037,0,0,0
"X714",0.020200959273373,0,0.00115973488107007,0,0,0
"X715",0,0.00881226995435701,0.00446355804858048,0,0,0
"X716",0,0.00483258246155569,0.00187037878684165,0,0,0
"X717",0,0.012566697348729,0.0058419846104233,0,0,0
"X718",0,0.00414956835015542,8.30402549302241e-05,0,0.000360914872410809,0
"X719",0,0.0132246454189255,0.00642051955022997,0,0,0
"X720",0,0.00800237497245025,0.00133173084640477,0,0,0
"X721",8.6149866705471e-05,0,0,0.00153345599496198,0.00255363234951559,0
"X722",0,0.00887321337249031,0.00160665061269251,0,0,0
"X723",0,0.0131748464688067,0.00506682115876481,0,0,0
"X724",0.00267462106050838,0.00934213629275292,0.00247612444883952,0,0,0
"X725",0,0.00386446620763377,0.000271867572750712,0.000205100875154805,0.00515940438633827,0
"X726",0,0.0117151758771129,0.00213522054995906,0,0,0
"X727",0,0.00536301851435427,0.00125279801865646,0,0,0
"X728",0,0.00417487550510292,0.000923767010834874,0,0.000319413789975251,0
"X729",0,0.00852647917744195,0.00208873782712417,0,0,0
"X730",0,0.0076520962813851,0.000968819492950707,0,0,0
"X731",0,0.0127231480349904,0.00257946606701355,0,0,0
"X732",9.6462720576327e-06,0.00429442574800592,0,0,0.00193318958021388,0
"X733",0,0,0,0.00332059703480438,0.00294528969403869,0
"X734",0.0028301987863916,0.000539952655371735,0,0.00242680431270452,0.00327341691805686,0
"X735",0,0.012596605923819,0.0049603747267869,0,0,0
"X736",0,0.00780313665412597,0.00396973402355516,0,0,0
"X737",0,0.00903878995708719,0.00525901428889401,0,0,0
"X738",4.98043761933544e-05,0,0,0.00115587236151913,0.00156082785300009,0
"X739",1.37903345929996e-05,0.000825921463413803,0.000227711120130869,0.000234646619304259,0.00121220126732373,0
"X740",0.0124010834236213,0,0,0,0,0
"X741",0,0.0087890257849407,0.00480098905623646,0,0,0
"X742",0,0.00972753331485392,0.00209759919502402,0,0,0
"X743",0,0.00696712242336933,0.00172591950423482,0,0,0
"X744",0,0.00376672779121379,0.00118448651471061,0,0,0
"X745",0.0607777815556468,0,0,0,0,0
"X746",0,0.0140064842920696,0.00455348988750895,0,0,0
"X747",0,0.00222835587079314,0.000189661107826026,0.000440324478629248,0.00244794866713091,0
"X748",0,0.00480492191006799,0.000913860571062033,0,0,0
"X749",0.0133178716264184,0,0,0,0,0
"X750",0,0.0125201382775106,0.00701604908196945,0,0,0
"X751",0,0.0293018979322055,0.0165520549939707,0,0,0
"X752",0,0.00829122125556668,0.00231683831764267,0,0,0
"X753",0,0,0,0.00232426679988222,0.00271000291431837,0.000368319124290695
"X754",0.024636488636374,0,0,0,0,0
"X755",0,0.0125105828903822,0.00681914822228988,0,0,0
"X756",0,0.0141713272147461,0.00723956371963901,0,0,0
"X757",0,0.0156185056197999,0.00541284502728907,0,0,0
"X758",0,0.0128818218531836,0.00601591463736399,0,0,0
"X759",0,0.00660613716466721,0.00305375046264697,0,0,0
"X760",0.00766741754184851,0.00164233648652403,0.0034950316260274,0,0,0
"X761",0,0.0151169825573253,0.00477879845650926,0,0,0
"X762",0,0.0138459246112304,0.00521886647513539,0,0,0
"X763",0.000766002093614153,0.00175810480769016,0.000200265511322812,0,0.000962433232831514,0
"X764",0,0.0124411174740826,0.00626002876741316,0,0,0
"X765",0,0.0106724183905135,0.000953801610274762,0,0,0
"X766",0.00797721374423136,0.00307218979537039,0.00347455798271993,0,0,0
"X767",0,0.0138604264704578,0.00290341067163033,0,0,0
"X768",0,0.0117184944756122,0.00243258535551188,0,0,0
"X769",0,0.0108643385676725,0.0046900182537066,0,0,0
"X770",5.65827727742023e-05,0,0,0.00220482519038234,0.00515790929483315,2.80913724691967e-05
"X771",0,0.0112345615011162,0.00345141197639185,0,0,0
"X772",0,0.0106028659331454,0.00515591324333742,0,0,0
"X773",0,0.00648504698099246,0.00088817182722114,0,0,0
"X774",6.46639874137811e-05,0.00410584646089404,0,0,0.00152030591672241,0
"X775",0,0.00972644584931677,0.0010844485011169,0,0,0
"X776",0,0.00255291230467705,0.000442409980100245,0,0.00160041147318097,0
"X777",0,0.0105797490729054,0.00137103499247682,0,0,0
"X778",0.00901241650989625,0.00426906181590463,0.00338162307952834,0,0,0
"X779",0,0.00777002317722784,0.00121130971134712,0,0,0
"X780",0,0.00582864670049456,0.00205521640577516,0,0,0
"X781",0,0.00863744368643962,0.00311502039004462,0,0,0
"X782",0,0.0119633327533056,0.00606872054809592,0,0,0
"X783",0,0.00112738813678782,2.03242861894232e-05,0,0.00237766821605929,0
"X784",0.0424530365071723,0,0,0,0,0
"X785",0,0.00751258251020985,0.0014432407301178,0,0,0
"X786",0,0.013232599495039,0.00643977128337953,0,0,0
"X787",0,0.00754813585345776,0.000983332884362463,0,0,0
"X788",0,0.0129802364060782,0.0053328062229482,0,0,0
"X789",0.0342862715448166,0,0,0,0,0
"X790",0,0.0127659203605703,0.000952077695424648,0,0,0
"X791",6.2168397048008e-05,0,0,0.00226835688683648,0.00389669221715424,0.000109073100101914
"X792",0,0.00964764729614363,0.00310406198686611,0,0,0
"X793",0,0.00249674673184417,0.00208169136389184,0,0,0
"X794",0,0.00110920784019428,0,0.000801551940496621,0.000754823714928877,0
"X795",0,0.0132080397943,0.00658248783861258,0,0,0
"X796",0,0.00350306003250065,0.00168048812832053,0,0,0
"X797",0.00884196916991494,0.000163151948846356,0,0,0,0
"X798",0.01538894480069,0,0.00195563431061295,0,0,0
"X799",0,0.00466104742889218,0,0.00266929043817771,0.00329628655423923,0.000260492551778492
"X800",0,0.00768085732130384,0.00476820453941392,0,0,0
"X801",0,0.0140127299822709,0.00480061561373001,0,0,0
"X802",0,0.0150700484594933,0.00581208132187021,0,0,0
"X803",0,0.00822310496832815,0.00344274474887194,0,0,0
"X804",0,0.00719912925050656,0.00176378233327707,0,0,0
"X805",0,0.00634666523191173,0.002274703959217,0,0,0
"X806",0.0180225519504729,0,0.0025022990440704,0,0,0
"X807",0,0.0102550711275377,0.00205674479626885,0,0,0
"X808",0,0.0103112438055827,0.00453552187377256,0,0,0
"X809",0,0.00925916292661299,0.00231983036197097,0,0,0
"X810",0,0.00786843794243442,0.000613815919643508,0,0,0
"X811",0,0.00963667681081931,0.00371824082561174,0,0,0
"X812",0,0.00764552031132355,0.00320770064654874,0,0,0
"X813",0,0.0119266455724568,0.00238514892684588,0,0,0
"X814",0,0.00660312725933963,0.00188015848057704,0,0,0
"X815",0.0428511995599831,0,0,0,0,0
"X816",0,0.0125047580247358,0.00506249171064291,0,0,0
"X817",0,0.00664063475508791,0.000402385853803834,0,0,0
"X818",0,0.00264033307202667,2.1491258694472e-05,0.00115483711189176,0.000821831753635468,0
"X819",0,0.00954738532356656,0.00344232406758512,0,0,0
"X820",0.000132340843200964,0.00489852470300478,0.00141726388711016,6.66671972018205e-05,0.00396862356933754,0
"X821",0,0.010114742328519,0.00121957756879819,0,0,0
"X822",0,0.00554727207862882,0.00105066217869188,0,0,0
"X823",0,0.0068999678152602,0.00196661361360825,0,0,0
"X824",0,0.00776940575814827,0.00416782427884208,0,0,0
"X825",0,0.00864753730061117,0.00156302763433848,0,0,0
"X826",0.000155157527110228,0,0,0.00244897910797502,0.00326549313169641,0.00136114111395406
"X827",0,0.0117172030525094,0.00281413959744808,0,0,0
"X828",0.0247872947662318,0,0.000988895999104972,0,0,0
"X829",0,0.0230727035083049,0.0147998510954063,0,0,0
"X830",0,0.0112157181568194,0.00468696834603692,0,0,0
"X831",0,0.0153808678737293,0.00665520697191093,0,0,0
"X832",0.00157803717832385,0.00523743426780629,0.00120435204282454,0,0,0
"X833",0,0.00910454164750142,0.00216677873455992,0,0,0
"X834",0,0.00315685184716154,0,5.13469025995419e-05,0.000266379028466275,0
"X835",3.28856220447453e-05,0.00272324220955926,0,0.000449168059641107,0.00185517687111562,0
"X836",0,0.0084007064133424,0.000667679717834618,0,0,0
"X837",0,0.0115014960508004,0.00488285786408804,0,0,0
"X838",0,0.0033273768935365,0,0.00191663521011196,0.0029915252392124,1.33100029934814e-05
"X839",0,0.00573390416957784,0.00096753137171297,0,0,0
"X840",0,0.00785986335117378,0.00435374538347361,0,0,0
"X841",0,0.00701154940919171,0.00168782648768003,0,0,0
"X842",0.000101957217638237,0.00952836002689804,0.002132825497258,0,0,0
"X843",0,0,0,0.00353111189933711,0.00654563340023618,0.00027075235770355
"X844",0,0.00927341976367727,0.00315724394232986,0,0,0
"X845",7.10370397623844e-05,0.0101091320401598,0.00328982950504103,0,0,0
"X846",2.43918736263699e-05,0.000447435222758564,0,0.00175740762620028,0.00635432585352036,8.21033954930131e-05
"X847",0.000126776769322241,0.00635278300804017,0,0.000746874301364757,0.00329593893733037,0
"X848",0,0.00884134995740697,0.00121215877175735,0,0,0
"X849",0,0.0044832699652876,0.00128677876441777,0,0,0
"X850",2.8362339457747e-05,0.00480998018343182,0,0.000237799039061455,0.00448929877917597,0
"X851",0,0.018873481787404,0.00624096468724443,0,0,0
"X852",0,0.0137906100360127,0.00456865341899506,0,0,0
"X853",0,0.00883970252568985,0.000224562626292122,0,4.44701592934404e-05,0
"X854",0,0.0142095858635354,0.0048288572870802,0,0,0
"X855",0,0.0118510014074856,0.00209331484804249,0,0,0
"X856",0,0.0116638623757378,0.00452645201580784,0,0,0
"X857",0.00331755260757181,0.00205176918408948,0.00130410263123558,0,0,0
"X858",0,0,0,0.000267697276258162,0.00209263772324107,0.000489042738366082
"X859",0,0.00906100992350134,0.0024327595848719,0,0,0
"X860",0.000131102399231123,0.00484375739614872,0.000706974886785008,0,0.00010192039061114,0
"X861",0,0.0124733085495431,0.0029751294834585,0,0,0
"X862",0,0.013235488669901,0.00493872036967638,0,0,0
"X863",0.0130396025053074,0,0.00394589810926138,0,0,0
"X864",0,2.66063933961721e-05,0,0.00271029666623498,0.0050493828938935,0.000142334916407667
"X865",0,0.0133914362619611,0.00300325015868217,0,0,0
"X866",0,0.00596074737356371,0.000823238207049735,0,0,0
"X867",0,0.00873502266049493,0.00101821303473345,0,0,0
"X868",0,0.000943618137668745,0,0.00237836254747545,0.00162145517209225,0.000315956835466065
"X869",5.72176643968365e-05,0.00448153654322779,0.00054239337721464,0,0.00216921186626767,0
"X870",0,0.0155336815208199,0.00568519479422178,0,0,0
"X871",0,0.0119905044934941,0.00366220039743704,0,0,0
"X872",0,0.00694402671665097,0.000857641601689146,0,0,0
"X873",0,0.00532072729744639,0.000923465192796541,0,0,0
"X874",2.11402272915424e-05,0.00029106316632254,0,0.000551332990846231,0.00248303618294731,3.7423743701852e-06
"X875",6.44024134909606e-06,0.00127070673701101,0.000361318274259027,0,0.00115028647789586,6.08880814620549e-05
"X876",0,0.00578228066536187,0.000325432514163372,0,0,0
"X877",0.0001117329348815,0.00154293975928636,0,0.00259009993269527,0.00334178436382757,3.60158954737601e-06
"X878",0,0.00036952232413881,0,0.00245722616025982,0.00355483203738868,0
"X879",0,0.0192383701931849,0.0067330248322452,0,0,0
"X880",0,0.00793809951624902,0.00209405328208437,0,0,0
"X881",0,0.00049423636611405,0,0.00126755009966955,0.00576744543993554,0.000117516835581492
"X882",0,0.0112704759155536,0.00315085600525356,0,0,0
"X883",0,0.0102878955924995,0.00398644789501931,0,0,0
"X884",3.54221971559063e-05,0.00244002036295304,0,0.000652390852605828,0.000968752168199934,0.000719903431453205
"X885",0,0.00807674780830201,0.0026138144471579,0,0,0
"X886",0,0.0122858253862999,0.00370720436531413,0,0,0
"X887",0,0.00770917880120912,0.00180949686027211,0,0,0
"X888",0.000282577697833089,0.00480009488478938,7.5883871327825e-05,0.000632585745976677,0.000372092630590468,0
"X889",0,0.00556527623964121,0.00227549526085009,0,0,0
"X890",0,0.00766967302964085,0.00167558739572837,0,0,0
"X891",0.00548089978408178,0,0.000195565120671836,0,0,0
"X892",0,0.0138681906585923,0.00476332891849003,0,0,0
"X893",0,0.011475335130543,0.00227232393031516,0,0,0
"X894",0,0.0136503561275416,0.00481400104005656,0,0,0
"X895",0,0.00817995239107092,0.00185938581203591,0,0,0
"X896",0,0.00821556783109614,0.00262320562411995,0,0,0
"X897",0,0.00271582763042319,9.64994223371837e-05,0,0.00109328703591713,0
"X898",0,0.0133526680023124,0.00309290863743979,0,0,0
"X899",0,0.00605937026399914,0.00158335444289079,0,0,0
"X900",0.0275784838173214,0,0,0,0,0
"X901",0,0.000247871827309209,0,0.00111379936408586,0.00360079549533408,0.000237863939328946
"X902",0,0.0131617359492079,0.00341355594664531,0,0,0
"X903",0,0.0125578639215633,0.00616206757688115,0,0,0
"X904",0.0405627288742388,0,0,0,0,0
"X905",0,0.00994273596845305,0.00303123667716255,0,0,0
"X906",0,0.00569275050056068,0.000459670050717535,0,0,0
"X907",0,0.00542822351811487,0.00116276246468685,0,0,0
"X908",0.0357241592224057,0,0,0,0,0
"X909",0,0.0105831635770438,0.00242486121440136,0,0,0
"X910",0,0.0140485804757673,0.00499330455201831,0,0,0
"X911",0,0.002297987613719,0,0.000223823976069313,0.0012532490133249,0
"X912",0.000276222226849801,0.000146862596119895,0,0.00128172040302355,0.00174848879716235,0.00225651073964426
"X913",0,0.00657671444699977,0.00122805797586302,0,0,0
"X914",0.000201216547613057,0.00889896906834997,0.0023949332541269,0,0,0
"X915",0,0.0168505595340791,0.00761439186318697,0,0,0
"X916",0,0.00568853831273684,0.00272401645154088,0,0,0
"X917",0.00124867083334202,0.00420565637110597,0.00187304297485305,0,0,0
"X918",0,0.0101876464558828,0.00104786651366726,0,0,0
"X919",0,0.00218541407454806,0.000886824355199738,0,0.000988734915835434,0
"X920",0,0.00799413436389302,0.00241474049655684,0,0,0
"X921",0,0.0172571610986426,0.0057904352754333,0,0,0
"X922",0,0.00974682564327711,0.00266665482229712,0,0,0
"X923",0.000287058237780731,0.00598253584770087,0.00122761154347683,0,0,0
"X924",0,0.00526702855358154,0.000994812836854141,0,0,0
"X925",1.55024489014645e-05,0.00394691032027452,3.70601827431892e-05,0.00454927580119026,0,0.000861163791719789
"X926",0,0.00498573786983486,0.000467417433898594,0,0,0
"X927",0,0.0143379991136223,0.00612560619801096,0,0,0
"X928",0,0.00546824096803307,0.000738137985018878,0,0,0
"X929",0,0.00937154832700986,0.00115376082646586,0,0,0
"X930",0,0.00412099325188186,0.000689411207908359,0,0,0
"X931",0,0.00316685460039777,0,0.00287548515793721,0.00291834627488978,0
"X932",0,0.0094535022092915,0.00294524207000507,0,0,0
"X933",0,0.00309545541597341,0.000182507133755876,0,0,0
"X934",0,0.00108801312101883,0,0.000399594538968771,0.002065679649244,0
"X935",0,0.00114249797793447,9.69745289488982e-05,0.00151817796408974,0.00127788177314641,4.80974992952832e-05
"X936",0,0.0101327669181483,0.00288774808276326,0,0,0
"X937",0.0490251670871738,0,0,0,0,0
"X938",0,0.0178280254738828,0.00693065798199037,0,0,0
"X939",0,0.015966739373141,0.0107367106758618,0,0,0
"X940",0,0.00207669937722167,0,0.00157521603071666,0.00234895262940049,0.000162603114281555
"X941",0,0.0159795417618736,0.00423798526278545,0,0,0
"X942",0,0.00448079273012419,0.000261102236359626,0,0,0
"X943",0,0.0162662627449266,0.00857826195843175,0,0,0
"X944",0,0.0107040113655839,0.00355597015811589,0,0,0
"X945",6.30771295070074e-05,0.0148016134608895,0.00668216413252707,0,0,0
"X946",0,0.0187991070229204,0.00906298552445131,0,0,0
"X947",3.24490190053896e-05,0.00608131705005442,0.00379841610324784,0,0,0
"X948",0,0.00633494812472789,0.00159191167816244,0,0,0
"X949",0,0.00482333433374265,0,0.00145421269208624,0.000790220187518273,0
"X950",5.09920119706202e-05,0.0065393009019124,0,0.00207948996899972,0.000454218407033737,0
"X951",0,0.0111137934551155,0.00246463389444376,0,0,0
"X952",0,0.00547945614733232,0.000478093164484649,0,0,0
"X953",0,0.0248555298852305,0.0165346397638047,0,0,0
"X954",0.00415452685694363,0.00681651203796567,0.00242120247709945,0,0,0
"X955",0,0.0137607180482197,0.00169990827109158,0,0,0
"X956",0,0.00550579995987006,0.00148819398379046,0,0,0
"X957",0,0.00913093064761652,0.00256851523122073,0,0,0
"X958",0,0.00806858779616817,0.00360343123942342,0,0,0
"X959",0,0.00953828785136538,0.00373871681611659,0,0,0
"X960",0.00572335740676592,0.0147226340198171,0.00907495136006548,0,0,0
"X961",0.00593803060517964,0.00315921458637575,0,0,0,0
"X962",0.000716506074718298,0.0069126654432639,0.00222390097804087,0,0,0
"X963",0.00147669192442468,0.0113804260247626,0.00549547753243979,0,0,0
"X964",0,0.00723456868675232,0.00267426410586875,0,0,0
"X965",0.000253337638073293,5.43045953602781e-05,0,0.00150677620937555,0.000919518877900971,0
"X966",0,0.0072299091610235,0.00121659477656767,0,0,0
"X967",0,0.00683032229182877,0.00185732520890754,0,0,0
"X968",0,0.0152657776606785,0.00417807622783271,0,0,0
"X969",0,0.00959656061784691,0.00463241119239785,0,0,0
"X970",0,0.00507745250050848,0.0017094669796719,0,0,0
"X971",0.00937070125279928,0,0,0,0,0
"X972",0,0.0169595164538393,0.0066969624183934,0,0,0
"X973",5.70192740231633e-06,0.00229976573130013,0.000206179274333059,0,0.0022764982189248,0
"X974",0,0.0137345578610244,0.00614071322813273,0,0,0
"X975",0.00503636843901689,0.00214335026491676,0.0019127825642482,0,0,0
"X976",9.22913495430654e-05,0.00241269734788524,0.000297221537725509,0,0.00130845535599886,0
"X977",0.061302100537307,0,0,0,0,0
"X978",0,0.00961296592847198,0.00352176412062677,0,0,0
"X979",0,0.0071348629681793,0.000174868259557692,0.000179566630695737,0.0036400984473595,0
"X980",0,0.00815571970126036,0.00135615526340319,0,0,0
"X981",1.87489786264639e-05,0.00511997798266622,0.000158188049126832,0.00146904581434043,0.000442523451495308,0
"X982",0,0.00744235104053974,0.000188793726944657,0,0.00153672301222401,0
"X983",0,0.00284851876986293,0.000537336072607959,0.000885229370206229,0.00112176352620352,0
"X984",8.16241570872876e-05,0.00192521362977817,0.000437577556848625,0.000641151383836739,0.000809238829741879,0
"X985",0,0.00801276150119676,0.000638619647315309,0,0.000448388218852849,0
"X986",0,0.00916129232857458,0.00262390271946083,0,0,0
"X987",0,0.00184261357330617,0.000106542996047495,0,0.000926074744659669,0
"X988",0,0.012275075285784,0.00505027830233832,0,0,0
"X989",0,0.0132831486365578,0.00454783774112291,0,0,0
"X990",6.11295404488051e-05,1.62522599060282e-05,0,0.000368903955084048,0.0023205448747278,0
"X991",0.0226443457945034,0,0.00342988364258126,0,0,0
"X992",0,0.0177240661415081,0.00695998198588533,0,0,0
"X993",0,0.0129823427520391,0.00463477459430802,0,0,0
"X994",0.0167952926647304,0,0.00231866891037205,0,0,0
"X995",0,0.00644675827570774,0.00173853492509606,0,0.000325886878659008,0
"X996",0,0.00967426884318142,0.00437012410543493,0,0,0
"X997",0.017429556418951,0.00190498258155123,0.00859387239850799,0,0,0
"X998",0,0.0193132580307201,0.0104738307004177,0,0,0
"X999",0,0.00642235572682551,0.00293315683352497,0,0,0
