"","cell_ID","LSEC","EPCAM+ cells and cholangiocytes","NK,NKT and T cells","Hepatocytes","B cells","Stellate cells and myofibroblasts"
"1","X0",0,0.0742844519474992,0.0843862881263602,0.841329259926141,0,0
"2","X1",0.674326840853133,0,0.325673159146867,0,0,0
"3","X2",0,0.114366991657699,0.0685681721323288,0.817064836209972,0,0
"4","X3",0,0.361438736958164,0,0.638561263041836,0,0
"5","X4",0,0,0.297536178803808,0.128976943185011,0.573486878011181,0
"6","X5",0,0.0521220285515857,0.792549560435986,0.155328411012429,0,0
"7","X6",0.114713821093312,0.420554571512256,0,0.169794854654778,0.294936752739654,0
"8","X7",1,0,0,0,0,0
"9","X8",0.223114288691585,0,0.0676510811321522,0,0.709234630176263,0
"10","X9",0,0,0.107191914689574,0.464310256708842,0.428497828601584,0
"11","X10",0.26799663258765,0,0.322076762288943,0.409926605123407,0,0
"12","X11",0,0,0.173883903809525,0,0.826116096190475,0
"13","X12",0.0695245547113968,0.0509143851505361,0.510156012005171,0.369405048132896,0,0
"14","X13",0,0,0.141901464905646,0.858098535094354,0,0
"15","X14",0,0,0.154887828289816,0.845112171710184,0,0
"16","X15",0.203795130406787,0.280889174312339,0.0751419560190409,0.440173739261833,0,0
"17","X16",0,0.195807583241063,0,0.804192416758936,0,0
"18","X17",0,0,0.12686720987509,0.87313279012491,0,0
"19","X18",0,0.955100303759192,0,0.0448996962408085,0,0
"20","X19",0,0,0,1,0,0
"21","X20",0,0.829771807900267,0.170228192099732,0,0,0
"22","X21",0.347662547042669,0.422606135157866,0.140629204612151,0.0891021131873134,0,0
"23","X22",0,0,0.251025735385819,0.748974264614181,0,0
"24","X23",0,0.0788724684890797,0.209899149152594,0.711228382358326,0,0
"25","X24",0,0.683219622608886,0.316780377391114,0,0,0
"26","X25",0,0.668615140386604,0.331384859613396,0,0,0
"27","X26",0.501123903273916,0.498876096726084,0,0,0,0
"28","X27",0,0,0.453913467934811,0.546086532065189,0,0
"29","X28",0.183664037395468,0.0536063570270302,0.762729605577502,0,0,0
"30","X29",0,0.366845442634565,0,0.633154557365435,0,0
"31","X30",0,0.0645441362179708,0.773479627269265,0.161976236512764,0,0
"32","X31",0,0,1,0,0,0
"33","X32",0,0.829851219912147,0.170148780087853,0,0,0
"34","X33",0,0,0.259418580731774,0.740581419268226,0,0
"35","X34",0,0,0.261962350596896,0.738037649403104,0,0
"36","X35",0.614694347757523,0,0.385305652242477,0,0,0
"37","X36",0.229882384247056,0,0.336816493379165,0.433301122373778,0,0
"38","X37",0,0,1,0,0,0
"39","X38",0.383135406768194,0,0.157343822772302,0.459520770459504,0,0
"40","X39",0.709784970833063,0,0.290215029166937,0,0,0
"41","X40",0.184955538045331,0,0,0.815044461954669,0,0
"42","X41",0,0,0.964572606380599,0,0.0354273936194006,0
"43","X42",0,1,0,0,0,0
"44","X43",0.173594585935057,0.116508149979458,0.0815257578300672,0.628371506255418,0,0
"45","X44",0,0.436791154894637,0.0699603449167785,0.493248500188584,0,0
"46","X45",0,0,0.126490329636115,0.873509670363885,0,0
"47","X46",0,0.0587095135154747,0.154172919727175,0.78711756675735,0,0
"48","X47",0,0.0650392365085297,0.178282568955918,0.756678194535553,0,0
"49","X48",0,0.18959599922044,0.152730229099184,0.657673771680375,0,0
"50","X49",0,0.30174842798905,0.101985461575161,0.217264009761121,0.379002100674668,0
"51","X50",0,0,0.668644332512742,0.331355667487258,0,0
"52","X51",0.105889305176607,0.647886478978481,0.130040627660759,0.116183588184153,0,0
"53","X52",0,0.678811398102901,0.321188601897099,0,0,0
"54","X53",0.188823301946649,0.11229945586824,0,0.698877242185111,0,0
"55","X54",0,0,0,0.478460626349368,0.521539373650632,0
"56","X55",0,0,0,1,0,0
"57","X56",0,0.215599653869901,0,0.784400346130099,0,0
"58","X57",0.0956426420464795,0.322578124818202,0.134862632361764,0.446916600773555,0,0
"59","X58",0,0,0.10122894847204,0.201896765560018,0.696874285967942,0
"60","X59",0.456858079282201,0.12232872843145,0.420813192286349,0,0,0
"61","X60",0,0.214861104608466,0.0551629671688541,0.72997592822268,0,0
"62","X61",0,0,0.0982794177360164,0.901720582263984,0,0
"63","X62",0,0.103926512869907,0.308541605853397,0.587531881276695,0,0
"64","X63",0.258509978656051,0.000708883790235159,0.313171306736349,0,0,0.427609830817364
"65","X64",0,0.387190066354446,0,0.612809933645554,0,0
"66","X65",0.0948990286761634,0.314166537833428,0,0.590934433490408,0,0
"67","X66",0,0.899010209214275,0.100989790785725,0,0,0
"68","X67",0.439175558769535,0,0.560824441230465,0,0,0
"69","X68",0,0,0,1,0,0
"70","X69",0.624839025567007,0,0,0.375160974432993,0,0
"71","X70",0,0,0.404939734924883,0.595060265075117,0,0
"72","X71",0.0751318306461793,0,0.208230224087242,0.716637945266578,0,0
"73","X72",0,0.853697166630491,0,0.146302833369509,0,0
"74","X73",0,0.769622489007174,0.230377510992826,0,0,0
"75","X74",0,0.342841381382846,0,0.657158618617155,0,0
"76","X75",0.21867827137429,0,0,0.78132172862571,0,0
"77","X76",0,0,0,0.799579134719138,0,0.200420865280862
"78","X77",0,0.765921968665733,0,0.234078031334267,0,0
"79","X78",0,0,1,0,0,0
"80","X79",0.312675105157428,0,0.327667000383121,0.359657894459452,0,0
"81","X80",0,0.0442386804233425,0,0.31727466172425,0.638486657852408,0
"82","X81",0.0613009879530893,0.439780000550075,0,0.498919011496836,0,0
"83","X82",0.426530146909017,0.0743456482090265,0.31829237190054,0.139120614304031,0.0417112186773855,0
"84","X83",0.13745597130974,0.256053338511694,0,0.164571125790345,0.44191956438822,0
"85","X84",0,0.260241661733154,0.179619501192131,0.560138837074715,0,0
"86","X85",0,0,0,1,0,0
"87","X86",0,0.094807150384078,0.22499060934616,0.680202240269762,0,0
"88","X87",0,0,0,1,0,0
"89","X88",0,0.0621892669011764,0.167985275890194,0.769825457208629,0,0
"90","X89",0.247342986894144,0,0,0.752657013105856,0,0
"91","X90",0.438786343694105,0.561213656305895,0,0,0,0
"92","X91",0,0,0.376307659967266,0.623692340032734,0,0
"93","X92",0.167932633420873,0,0.381291012119055,0.450776354460072,0,0
"94","X93",0.0937101602181224,0.0780906236152126,0.250352999947683,0.577846216218982,0,0
"95","X94",0,0.154818948194307,0.172520515548559,0.672660536257133,0,0
"96","X95",0.0777549762478593,0.64503078887955,0,0.277214234872591,0,0
"97","X96",0,0,0.377662507926722,0.622337492073278,0,0
"98","X97",0,0.158281622912665,0.0996681176913051,0.74205025939603,0,0
"99","X98",0,0.608271061709333,0.391728938290667,0,0,0
"100","X99",0,0.37030321692277,0.0931851267375124,0,0.536511656339718,0
"101","X100",0,0.0776844953165854,0,0.922315504683414,0,0
"102","X101",0.113934792012492,0,0.696146904730331,0.189918303257177,0,0
"103","X102",0,0.530628934783907,0.117014452304564,0.35235661291153,0,0
"104","X103",0,0.266294361268198,0.0958553857840239,0.637850252947778,0,0
"105","X104",0.172263504027951,0,0.265043654315213,0.562692841656836,0,0
"106","X105",0,0.0774388598863556,0.193313281732625,0.729247858381019,0,0
"107","X106",0,0.497932796761617,0.502067203238383,0,0,0
"108","X107",0,0.372600328882799,0,0.627399671117201,0,0
"109","X108",0.184133051161042,0.412459179341979,0.0995582083430154,0.303849561153964,0,0
"110","X109",0,0.910310591979259,0,0.0896894080207408,0,0
"111","X110",0,0.298012990150568,0.13727129182924,0.564715718020191,0,0
"112","X111",0.882174325907939,0,0,0.117825674092061,0,0
"113","X112",0,0.429638122421441,0.570361877578559,0,0,0
"114","X113",0.173021098915589,0.168345686566616,0,0.658633214517795,0,0
"115","X114",0.109342205208815,0.045019015176222,0.677364842654551,0.168273936960411,0,0
"116","X115",0,0.706834946442613,0.218977630641708,0.0741874229156789,0,0
"117","X116",0,0.194968176604534,0.0864805549197027,0.718551268475763,0,0
"118","X117",0,0.765705448212698,0.164649791562284,0.0696447602250184,0,0
"119","X118",0,0.101898602983519,0.15313386181007,0.744967535206411,0,0
"120","X119",0,0.625486994127775,0.0592928750264671,0.315220130845757,0,0
"121","X120",0.356741511636828,0,0.453368445174414,0.189890043188758,0,0
"122","X121",0.09284573725703,0.807154259190291,0,0.100000003552679,0,0
"123","X122",0,0.850315937266873,0,0.149684062733127,0,0
"124","X123",0,0.383305070016679,0.213788603605522,0.402906326377799,0,0
"125","X124",0.29528088387688,0,0,0,0.70471911612312,0
"126","X125",0,0.0593854532223782,0.0766041574196891,0.864010389357933,0,0
"127","X126",0,0.0574016121761132,0.166309849595675,0.776288538228212,0,0
"128","X127",0,0,0.196634872635737,0.803365127364263,0,0
"129","X128",0.409447317728659,0,0,0.590552682271341,0,0
"130","X129",0.183843807875396,0,0,0.816156192124604,0,0
"131","X130",0.563047903684098,0.436952096315902,0,0,0,0
"132","X131",0,0,0.24593639834179,0.754063601658211,0,0
"133","X132",0.46198151914275,0,0,0.53801848085725,0,0
"134","X133",0,0.273078816695763,0,0.726921183304237,0,0
"135","X134",0.176255382900371,0.101560076338404,0,0.722184540761225,0,0
"136","X135",0,0.657343810436316,0,0.342656189563684,0,0
"137","X136",0,1,0,0,0,0
"138","X137",0,0,0.305697903102235,0.694302096897765,0,0
"139","X138",0.669945028658952,0,0.227341833426577,0.102713137914471,0,0
"140","X139",0,0.0687489056118094,0.236522386966,0.694728707422191,0,0
"141","X140",0.106514517023448,0.165071229510691,0,0.728414253465861,0,0
"142","X141",0.153579598365626,0,0,0.846420401634374,0,0
"143","X142",0,0.108159898996903,0.0675311903315233,0.824308910671574,0,0
"144","X143",0,0.340432512305938,0.0994860018975314,0.56008148579653,0,0
"145","X144",0,0,0.194432842549702,0.805567157450298,0,0
"146","X145",0,0.0533813521041007,0.185664328005546,0.760954319890354,0,0
"147","X146",0,0,0.605799407579948,0.394200592420052,0,0
"148","X147",0,0.898702858898955,0.101297141101045,0,0,0
"149","X148",0.222436651324101,0,0.175904774164884,0.601658574511015,0,0
"150","X149",0.164709450366043,0.666416375348036,0,0.168874174285921,0,0
"151","X150",0.398104051184365,0,0,0.601895948815635,0,0
"152","X151",0.151396889132916,0,0.153005187933889,0.695597922933195,0,0
"153","X152",0.50461825212839,0.0422968332866137,0.193324273099333,0.259760641485663,0,0
"154","X153",0.476778304041574,0.170700710598559,0.352520985359868,0,0,0
"155","X154",0.115441866508461,0,0.0929568649122515,0.791601268579287,0,0
"156","X155",0,0.797150116767122,0.141385277167703,0.0614646060651754,0,0
"157","X156",0,0.232728054458373,0.091768000518595,0.675503945023032,0,0
"158","X157",0,0.0614298711783174,0.191463967204682,0.747106161617001,0,0
"159","X158",0.0989463130920111,0,0,0.901053686907989,0,0
"160","X159",0.141326877621954,0,0.39147468456796,0.467198437810086,0,0
"161","X160",0,0,0.29748824298249,0.70251175701751,0,0
"162","X161",0.344524988922541,0.415026126725352,0.0853620418483387,0.155086842503769,0,0
"163","X162",0.293771405598284,0,0.167523455090558,0.538705139311158,0,0
"164","X163",0,0.137988519383369,0.0806495318745676,0.781361948742063,0,0
"165","X164",0,0,1,0,0,0
"166","X165",0.645495494290395,0.243662223015088,0.110842282694517,0,0,0
"167","X166",0,0.552738324934706,0,0.447261675065294,0,0
"168","X167",0,0.195514337137004,0,0.804485662862996,0,0
"169","X168",0.40126722145411,0.108747679226813,0.413759695080548,0.0762254042385288,0,0
"170","X169",0.438713357558205,0,0.0978920995087047,0,0.46339454293309,0
"171","X170",0.775540351379588,0,0.224459648620412,0,0,0
"172","X171",0.224429096632405,0.117220452226237,0.113284226976581,0.545066224164776,0,0
"173","X172",0.463624250378552,0.243383383238729,0,0.29299236638272,0,0
"174","X173",0,0.246437086915711,0,0.753562913084289,0,0
"175","X174",0,0,0,1,0,0
"176","X175",0,0.062635183876153,0.131442303767378,0.805922512356469,0,0
"177","X176",0.0839366008589957,0.803815859261417,0,0.112247539879587,0,0
"178","X177",0,0.712158521617874,0.287841478382126,0,0,0
"179","X178",0.589685066339672,0,0,0.410314933660328,0,0
"180","X179",0,0.36324418448366,0.247520283013314,0.389235532503026,0,0
"181","X180",0.124996571923412,0.0589824904001018,0.128487797640052,0.687533140036434,0,0
"182","X181",0,0.0940828624403695,0.320729507352726,0.585187630206905,0,0
"183","X182",0,0.512193077584216,0.232493719968495,0.255313202447289,0,0
"184","X183",0.230068991469299,0,0,0.769931008530701,0,0
"185","X184",0,0.360344770168763,0.117525774983179,0,0.522129454848057,0
"186","X185",0,0,0.954091567434116,0,0.0459084325658835,0
"187","X186",0.741912632844924,0,0.258087367155076,0,0,0
"188","X187",0,0,0.838738070024761,0.161261929975239,0,0
"189","X188",0,0,0,1,0,0
"190","X189",0,0,0.0791296349761207,0.920870365023879,0,0
"191","X190",0.369720924811856,0,0,0.630279075188144,0,0
"192","X191",0,0,0.114552123748714,0.885447876251286,0,0
"193","X192",0,0,0.429615709896346,0.570384290103654,0,0
"194","X193",0,0,1,0,0,0
"195","X194",0,0,0.163806178949717,0.836193821050284,0,0
"196","X195",0.0732827191009999,0,0.510664829376174,0.416052451522826,0,0
"197","X196",0,0,0.127253525351424,0.872746474648576,0,0
"198","X197",0,0.195764813005978,0.530666280624176,0.273568906369846,0,0
"199","X198",0.0689248669932314,0,0.351005172344624,0.580069960662144,0,0
"200","X199",0.331678932324295,0,0.668321067675704,0,0,0
"201","X200",0,0.0598272173153376,0.0818001300878579,0.858372652596805,0,0
"202","X201",0.325371237668628,0.0361389331412881,0.335792779986326,0.254601493210902,0.0480955559928554,0
"203","X202",0.0966849370010292,0,0.217483819242501,0.68583124375647,0,0
"204","X203",0.354740831274206,0.341781928755599,0.303477239970195,0,0,0
"205","X204",0.0949429844878828,0.0548711171414692,0.266330513729717,0.583855384640931,0,0
"206","X205",0,0.0736127678669543,0.237349912006886,0.68903732012616,0,0
"207","X206",0,0,0.396414337022346,0,0.603585662977654,0
"208","X207",0,0.0918101468030144,0.179670621402243,0.728519231794742,0,0
"209","X208",0,0.113062630798305,0.119881230452054,0.767056138749641,0,0
"210","X209",0.242200606525714,0,0.231904445515491,0.437674766558265,0.0882201814005302,0
"211","X210",0,0.537938347129422,0,0.462061652870578,0,0
"212","X211",0.540546871715425,0,0.459453128284575,0,0,0
"213","X212",0,0,0.114354832199003,0.0600504210007098,0.825594746800288,0
"214","X213",0.353737232393292,0.16014952962835,0.0955302996714224,0.390582938306936,0,0
"215","X214",0,0,1,0,0,0
"216","X215",0,0.267685367484618,0,0.732314632515382,0,0
"217","X216",0,0.20526308804861,0.113747248908761,0.680989663042629,0,0
"218","X217",0.189501352019041,0,0.138283218308018,0.672215429672941,0,0
"219","X218",0.332059612284,0.138987465271663,0.185772942696662,0.343179979747676,0,0
"220","X219",0,0,1,0,0,0
"221","X220",0,0,0.748397389573274,0.251602610426726,0,0
"222","X221",0,0,0.150005443748223,0.849994556251777,0,0
"223","X222",0,0.0739399667605332,0.250959870874809,0.675100162364658,0,0
"224","X223",0.441027968491712,0,0.394887802967181,0.164084228541107,0,0
"225","X224",0.207504071674241,0.792495928325759,0,0,0,0
"226","X225",0.17436479627197,0,0.0822040007225608,0,0.743431203005469,0
"227","X226",0.235862934736462,0.207536128243795,0.0674394017144741,0.489161535305269,0,0
"228","X227",0,0.0617563516069187,0.249209311691394,0.689034336701688,0,0
"229","X228",0,0.0836713576383887,0.0918580538580778,0.824470588503533,0,0
"230","X229",0.225054185594945,0.774945814405055,0,0,0,0
"231","X230",0.139126799906155,0.585648292087828,0.275224908006017,0,0,0
"232","X231",0,0.609141033915958,0.333687483876139,0.0571714822079029,0,0
"233","X232",0.273170399817348,0.0733617244683296,0.216107698718369,0.437360176995953,0,0
"234","X233",0,0.658405236827277,0.283217513866647,0.0583772493060762,0,0
"235","X234",0,0.303517568898024,0,0.696482431101976,0,0
"236","X235",0.446197433318029,0.107446782559446,0,0.446355784122526,0,0
"237","X236",0.283607647685583,0.461399018395456,0.254993333918961,0,0,0
"238","X237",0,0.912817983247456,0.0871820167525437,0,0,0
"239","X238",0,0.136615748053664,0.0792783171996234,0.784105934746712,0,0
"240","X239",0.133663121102865,0,0,0.644369334771268,0.221967544125867,0
"241","X240",0,0.125758123069077,0.227057207759323,0.6471846691716,0,0
"242","X241",0,0,0.40148825953207,0.59851174046793,0,0
"243","X242",0.474697327531483,0.525302672468517,0,0,0,0
"244","X243",0,0,0.344072794965596,0.655927205034404,0,0
"245","X244",0.0946368480332469,0.14566394759568,0,0.759699204371073,0,0
"246","X245",0,0,0.779874242877112,0.220125757122888,0,0
"247","X246",0,0.943878747831213,0,0.0561212521687874,0,0
"248","X247",0.547194034973884,0.0507195003286436,0,0.402086464697473,0,0
"249","X248",0.307876066794218,0,0,0.692123933205782,0,0
"250","X249",0,0,0.174666335425433,0.825333664574567,0,0
"251","X250",0,0.0935345980291588,0.906465401970841,0,0,0
"252","X251",0,0,0.217535649720588,0,0.782464350279412,0
"253","X252",0.552537909748718,0.447462090251282,0,0,0,0
"254","X253",0,0,0,1,0,0
"255","X254",0.249000362750317,0,0.286885766672956,0.464113870576728,0,0
"256","X255",0,0,0.281103101175615,0.718896898824385,0,0
"257","X256",0,0.0600303853967659,0.157335258094948,0.782634356508286,0,0
"258","X257",0,0.948458699195993,0,0.0515413008040074,0,0
"259","X258",0.167595140464366,0.609714553822231,0,0.222690305713403,0,0
"260","X259",0,0,0.0520845789902961,0.179355218914063,0.768560202095641,0
"261","X260",0.495560495815289,0,0.44599435804764,0,0.0584451461370708,0
"262","X261",0.188456311942672,0,0.414605482088622,0.396938205968706,0,0
"263","X262",0,0.748720539646219,0.19444436867825,0.0568350916755317,0,0
"264","X263",0,0,1,0,0,0
"265","X264",0,0,0.0789439273779336,0.413979484465979,0.507076588156087,0
"266","X265",0,0,0.190500725127761,0.809499274872239,0,0
"267","X266",0.609797364412492,0,0.390202635587508,0,0,0
"268","X267",0,0.0528828152907228,0.131782130822335,0.815335053886943,0,0
"269","X268",0.247786895148184,0,0.646393104364629,0.105820000487186,0,0
"270","X269",0.264670664781597,0.248624955053407,0.113476123684145,0.373228256480851,0,0
"271","X270",0,0.143950191998521,0,0.856049808001479,0,0
"272","X271",0.172416900661849,0,0,0.827583099338151,0,0
"273","X272",0.345697259782155,0,0.134012812089219,0.520289928128626,0,0
"274","X273",0,0.105650757833398,0.231140355510608,0.663208886655995,0,0
"275","X274",0.203720353780333,0.0713947181527678,0.478452997817929,0.24643193024897,0,0
"276","X275",0,0,0,1,0,0
"277","X276",0,0,0,1,0,0
"278","X277",0.104429468286726,0,0,0.895570531713274,0,0
"279","X278",0.133375863987953,0.494529896822205,0.134421263164705,0,0.237672976025137,0
"280","X279",0,0,0.615523013177171,0.384476986822829,0,0
"281","X280",0,0.883238334220856,0.116761665779144,0,0,0
"282","X281",0.391492542863239,0.0581144863411262,0.270054477807071,0.280338492988563,0,0
"283","X282",0,0.146430265570402,0.154236242354989,0.699333492074608,0,0
"284","X283",0,0.0533948605040649,0.182899986783425,0.76370515271251,0,0
"285","X284",0,0.332810808797783,0,0.667189191202217,0,0
"286","X285",0,0,0,1,0,0
"287","X286",0,0.697113333727122,0.302886666272878,0,0,0
"288","X287",0,0,0.160060351520433,0.839939648479567,0,0
"289","X288",0.275884122066879,0.499201020039605,0,0.224914857893516,0,0
"290","X289",0.0916868155859089,0,0.194491491563528,0,0,0.713821692850563
"291","X290",0,0,0.803515520284307,0.196484479715693,0,0
"292","X291",0,0,0.285502442005934,0.714497557994066,0,0
"293","X292",0,0.590486542572233,0.409513457427767,0,0,0
"294","X293",0,0.295902829746579,0.312337374357297,0,0.391759795896124,0
"295","X294",0,0,0.457123641559416,0.453601462248431,0,0.0892748961921531
"296","X295",0.819963209827741,0,0.180036790172259,0,0,0
"297","X296",0,0.101426635737386,0.516435732875686,0.382137631386928,0,0
"298","X297",0,0.825088993328466,0.127641354159734,0.0472696525118005,0,0
"299","X298",0,0.0555447959831058,0.121426108712622,0.823029095304272,0,0
"300","X299",0,0.555260353658116,0.153973382061431,0.290766264280453,0,0
"301","X300",0,0.172248423314476,0.068085193875124,0.7596663828104,0,0
"302","X301",0.241665704130649,0.135928248153464,0.198974547610625,0.423431500105262,0,0
"303","X302",0,0.0518968225772373,0.351578291976239,0.596524885446523,0,0
"304","X303",0,0,1,0,0,0
"305","X304",0.712460526501027,0.044905389937602,0.242634083561371,0,0,0
"306","X305",0.34538879107382,0.492519987205762,0.162091221720418,0,0,0
"307","X306",0.131989216012481,0,0,0.868010783987519,0,0
"308","X307",0.211501190763206,0,0.435219818627539,0,0.353278990609255,0
"309","X308",0.228567575978836,0.469329988096893,0,0.302102435924271,0,0
"310","X309",0,0,1,0,0,0
"311","X310",0.246161560609203,0,0.0681292424791569,0.537230574606776,0.148478622304863,0
"312","X311",0.681551269107238,0.0556358238843454,0.262812907008416,0,0,0
"313","X312",0,0.251299438197006,0,0.496748945072875,0.251951616730119,0
"314","X313",0.320366562504526,0.274393354796032,0.405240082699442,0,0,0
"315","X314",0,0.0599727990583011,0.218628533150498,0.7213986677912,0,0
"316","X315",0.367348429858726,0,0.632651570141274,0,0,0
"317","X316",0.312398055814886,0,0.687601944185114,0,0,0
"318","X317",0.11159028069976,0,0,0.888409719300239,0,0
"319","X318",0.172944089639612,0,0.138222245415975,0.347897318350643,0.34093634659377,0
"320","X319",0,0,0.184608831857428,0.815391168142572,0,0
"321","X320",0,0.418267613517388,0.116211618243257,0.465520768239355,0,0
"322","X321",0.216504716422165,0,0.783495283577835,0,0,0
"323","X322",0,1,0,0,0,0
"324","X323",0,0,0.545182885438975,0.454817114561025,0,0
"325","X324",0.685693357174269,0,0.314306642825731,0,0,0
"326","X325",0.18146439148471,0,0,0.81853560851529,0,0
"327","X326",0.420459442828968,0,0,0.579540557171032,0,0
"328","X327",0,0.348636148112965,0.0603140847043092,0.591049767182726,0,0
"329","X328",0.0713446160703527,0.0575740721387329,0.155107433705281,0.715973878085633,0,0
"330","X329",0,0.0632069108058914,0.0643144623254151,0.872478626868693,0,0
"331","X330",0.298058358091773,0,0.19786379030528,0.504077851602947,0,0
"332","X331",0,0.0561384480174133,0.115528962670024,0.828332589312563,0,0
"333","X332",0.166099482424904,0,0,0.833900517575095,0,0
"334","X333",0,0.377998843932989,0.102670451472311,0.519330704594701,0,0
"335","X334",0.394907093557159,0.11897487430136,0,0.48611803214148,0,0
"336","X335",0,0.0803286167899795,0.124666486611594,0.492376925589642,0.302627971008785,0
"337","X336",0,0,0.235019980292934,0.764980019707066,0,0
"338","X337",0.886400952114129,0,0.113599047885871,0,0,0
"339","X338",0,0.300734732831276,0.699265267168724,0,0,0
"340","X339",0.318618942866634,0.061112683420553,0.174858226662482,0.445410147050332,0,0
"341","X340",0,1,0,0,0,0
"342","X341",0.0454530442238974,0.0510271723262349,0.504932546333223,0.398587237116644,0,0
"343","X342",0,0,1,0,0,0
"344","X343",0,0,0,1,0,0
"345","X344",0,0.477025896336552,0.522974103663448,0,0,0
"346","X345",0.0539391911317965,0.129825058999702,0.213728019683897,0.602507730184605,0,0
"347","X346",0,0.113405750705054,0.0788080751393801,0.425877533292614,0.381908640862952,0
"348","X347",0.185540714151945,0,0.105173786377468,0.709285499470587,0,0
"349","X348",0,0,0.238270489039612,0.761729510960388,0,0
"350","X349",0.502421550888767,0,0.304181157100404,0.193397292010829,0,0
"351","X350",0,0.489388980204319,0.0593560378620621,0.451254981933619,0,0
"352","X351",0.730774012385219,0,0,0.269225987614781,0,0
"353","X352",0,0.311277386486478,0.688722613513522,0,0,0
"354","X353",0.668864203227422,0,0.331135796772578,0,0,0
"355","X354",0.262342662575231,0.0883042825824779,0,0.649353054842291,0,0
"356","X355",0,0.204739242663476,0.103602857376615,0.69165789995991,0,0
"357","X356",0.132703300427868,0,0.0754913807035429,0.791805318868589,0,0
"358","X357",0,0.502278533072649,0,0.497721466927351,0,0
"359","X358",0,0.0856739988120877,0.200202958948796,0.714123042239116,0,0
"360","X359",0.427158433696508,0,0,0.572841566303492,0,0
"361","X360",0.31254888973482,0,0,0.68745111026518,0,0
"362","X361",0,0.697354063786024,0,0.302645936213976,0,0
"363","X362",0,0.177243157311552,0.160130453832627,0.66262638885582,0,0
"364","X363",0,0.068573822143118,0.0945087460536567,0.836917431803225,0,0
"365","X364",0.563292062226399,0.436707937773601,0,0,0,0
"366","X365",0,0,0.342282589239862,0.657717410760139,0,0
"367","X366",0.195904581787783,0.804095418212217,0,0,0,0
"368","X367",0.502429010843568,0,0.0441652245003369,0.453405764656096,0,0
"369","X368",0.462484881098023,0.464352236470756,0.0731628824312207,0,0,0
"370","X369",0.338457100233046,0.498610044491235,0,0.162932855275719,0,0
"371","X370",0,0.167242059969085,0.230845012509309,0.601912927521606,0,0
"372","X371",0,0.1507996183389,0,0.8492003816611,0,0
"373","X372",0,0.860270947311691,0.139729052688309,0,0,0
"374","X373",0.108787016190539,0.549117050189176,0.205535001762147,0.136560931858138,0,0
"375","X374",0.384358665424532,0,0,0.615641334575469,0,0
"376","X375",0.234375225840286,0,0,0.158469707564089,0,0.607155066595624
"377","X376",0.308813959764727,0,0,0.269842562130005,0.421343478105268,0
"378","X377",0,0.218512929177442,0.170520313812814,0.610966757009744,0,0
"379","X378",0,0,1,0,0,0
"380","X379",0.538706184290961,0,0.461293815709039,0,0,0
"381","X380",0.0855211257863622,0,0.227364863217258,0.68711401099638,0,0
"382","X381",0.449189526410786,0,0.143659540357689,0.407150933231525,0,0
"383","X382",0,0.33948448783108,0,0.66051551216892,0,0
"384","X383",0.148918332558568,0,0,0.851081667441432,0,0
"385","X384",0.365747896678733,0,0.0926907109972172,0.54156139232405,0,0
"386","X385",0,0.873895909176706,0.126104090823294,0,0,0
"387","X386",0,0,0.162983787945174,0.837016212054826,0,0
"388","X387",0.114020707851127,0,0.246105226258563,0.63987406589031,0,0
"389","X388",0.251184914481236,0.551679819265331,0.197135266253433,0,0,0
"390","X389",0,0.603782060254512,0.396217939745488,0,0,0
"391","X390",0,0.678219944476858,0.121819609949974,0.199960445573168,0,0
"392","X391",0,0.0693163442060308,0.171570174182366,0.759113481611603,0,0
"393","X392",0.635428027512215,0,0.364571972487785,0,0,0
"394","X393",0,0,1,0,0,0
"395","X394",0,0,0.177021601723444,0.822978398276556,0,0
"396","X395",0,0,0.265545040133625,0.734454959866375,0,0
"397","X396",0.193165426082039,0.733108882713351,0,0.0737256912046108,0,0
"398","X397",0.104813813644337,0.599384190658705,0.295801995696959,0,0,0
"399","X398",0.105016227212326,0,0.153219775540277,0.741763997247397,0,0
"400","X399",0,0.324777675462356,0,0.675222324537644,0,0
"401","X400",0.113763302863804,0.389423633113916,0,0.49681306402228,0,0
"402","X401",0,0.575618858840307,0.0653248151337689,0.359056326025924,0,0
"403","X402",0.707145100899404,0,0,0.292854899100596,0,0
"404","X403",0.165771240382607,0.522935132765196,0.311293626852197,0,0,0
"405","X404",0,0,0.168582090122558,0.831417909877442,0,0
"406","X405",0,0,0.360554317778804,0.639445682221196,0,0
"407","X406",0,0,0.0615208481789824,0.633197011929676,0.305282139891341,0
"408","X407",0,0.224760824524377,0.10863707946141,0.666602096014212,0,0
"409","X408",0,0,0.428064288022112,0.571935711977888,0,0
"410","X409",0,0.0844220286303168,0,0.915577971369683,0,0
"411","X410",0,0.0540298145142074,0.120854017417251,0.825116168068541,0,0
"412","X411",0.696024796715074,0.303975203284926,0,0,0,0
"413","X412",0,0.166214599441174,0.144455971154984,0.689329429403842,0,0
"414","X413",0,0.789979562334883,0.210020437665117,0,0,0
"415","X414",0,0,0.59583927449051,0.40416072550949,0,0
"416","X415",0,0,0.714440531665455,0,0.285559468334545,0
"417","X416",0,0.500530233379191,0,0.499469766620809,0,0
"418","X417",0,0,0,1,0,0
"419","X418",0.433344692134504,0,0,0.566655307865496,0,0
"420","X419",0,0,0.312223429288481,0.687776570711519,0,0
"421","X420",0.129668238872609,0,0,0.870331761127391,0,0
"422","X421",0,0.0635818644496644,0.211104883006365,0.725313252543971,0,0
"423","X422",0,0.0703304000948684,0,0.929669599905132,0,0
"424","X423",0,0,0.139146401338583,0.860853598661417,0,0
"425","X424",0.903005113451939,0,0,0.096994886548061,0,0
"426","X425",0,0,0.15954305439629,0.84045694560371,0,0
"427","X426",0,0.10656549677428,0.4418988312419,0.45153567198382,0,0
"428","X427",0,0,1,0,0,0
"429","X428",0,0.23878328372186,0,0.76121671627814,0,0
"430","X429",0.17795286040629,0,0,0.82204713959371,0,0
"431","X430",0.465569509283231,0.222273107154017,0.230677617903323,0.0814797656594281,0,0
"432","X431",0,0.750582011306832,0.249417988693168,0,0,0
"433","X432",0.0803678475317836,0,0.251735165551231,0.667896986916986,0,0
"434","X433",0,0.0530359572361805,0,0.94696404276382,0,0
"435","X434",0.218233211149754,0,0,0.781766788850246,0,0
"436","X435",0.0600387177178672,0,0.452314201026993,0.48764708125514,0,0
"437","X436",0,0,0.244270510035818,0.755729489964182,0,0
"438","X437",0,0,0,1,0,0
"439","X438",0,0.0837297414899747,0.43169661785353,0.484573640656495,0,0
"440","X439",0,0,0.512167485738551,0.487832514261449,0,0
"441","X440",0,0.341926940095035,0.236045365879574,0.42202769402539,0,0
"442","X441",0,0.505904646796334,0.0814904623660704,0.412604890837596,0,0
"443","X442",0.152666113065494,0,0.359256650386897,0.488077236547609,0,0
"444","X443",0.224267474458802,0.218303180957717,0.456930539587911,0.10049880499557,0,0
"445","X444",0,0,0,1,0,0
"446","X445",0.132785197663431,0.0631046717455228,0.0619404302928491,0.623434234931612,0,0.118735465366584
"447","X446",0.347749081615804,0,0.652250918384196,0,0,0
"448","X447",0.190105960194902,0.267173025594702,0.149146927070763,0.393574087139633,0,0
"449","X448",0,0.0799517789954417,0.144879268901514,0.775168952103045,0,0
"450","X449",0.070688663497631,0.519428970665054,0,0.409882365837315,0,0
"451","X450",0.302680770887684,0.0603428157834439,0.364718340385093,0.272258072943779,0,0
"452","X451",0.515364989717815,0.484635010282185,0,0,0,0
"453","X452",0.521694036094269,0,0,0,0.478305963905731,0
"454","X453",0,0.401268392289704,0.0712966125605301,0,0.527434995149766,0
"455","X454",0.2029088749518,0.7970911250482,0,0,0,0
"456","X455",0,0.36706922284289,0.0555945520359664,0.577336225121144,0,0
"457","X456",0.497513616677839,0.0621465468471578,0,0.440339836475004,0,0
"458","X457",0.232869876338251,0,0.767130123661749,0,0,0
"459","X458",0,0.542967267253312,0,0.457032732746687,0,0
"460","X459",0,0.663947032865364,0.336052967134636,0,0,0
"461","X460",0.300798109232014,0,0.221441253559879,0.477760637208107,0,0
"462","X461",0.21344760287761,0.68216998817622,0.10438240894617,0,0,0
"463","X462",0.486749736785218,0,0.513250263214782,0,0,0
"464","X463",0.496357750127915,0.238822008499488,0.264820241372596,0,0,0
"465","X464",0,0,0.255229711176736,0.215777477980395,0.528992810842869,0
"466","X465",0,0,0.109595094081208,0.890404905918792,0,0
"467","X466",0.18049696484838,0,0,0.81950303515162,0,0
"468","X467",0.652770920006146,0.00614190864855845,0.341087171345296,0,0,0
"469","X468",0.162355503798273,0,0,0.837644496201727,0,0
"470","X469",0.523011490478033,0.148646668046154,0.328341841475814,0,0,0
"471","X470",0.182947164144016,0.767781193204499,0,0.0492716426514858,0,0
"472","X471",0.170421633514341,0.46793583693242,0.361642529553239,0,0,0
"473","X472",0,0.708012132102606,0.0910899629985572,0.200897904898837,0,0
"474","X473",0,0,0.142607473091184,0.857392526908816,0,0
"475","X474",0.143244128482597,0,0.106982200579369,0.749773670938035,0,0
"476","X475",0,0,0.234176224406856,0.765823775593144,0,0
"477","X476",0,0.956527219079385,0,0.0434727809206151,0,0
"478","X477",0.449572606348147,0.089640160981693,0.46078723267016,0,0,0
"479","X478",0,0,0.107122762730729,0.357776518405055,0.535100718864216,0
"480","X479",0,0,0.369601239199357,0.630398760800643,0,0
"481","X480",0,0,0,1,0,0
"482","X481",0,0.210195018061338,0,0.789804981938662,0,0
"483","X482",0.0749598196777043,0,0.121828809906311,0,0.803211370415985,0
"484","X483",0,0,0.39731981838961,0.60268018161039,0,0
"485","X484",0,0.131131715265143,0.868868284734857,0,0,0
"486","X485",0,0.898855963638198,0.101144036361802,0,0,0
"487","X486",0,0,0.574593668237446,0.425406331762554,0,0
"488","X487",0,0.32495203168727,0,0.67504796831273,0,0
"489","X488",0.294268511669506,0,0.107715973820455,0.598015514510039,0,0
"490","X489",0.275923263664533,0.630615409668323,0.0934613266671441,0,0,0
"491","X490",0.20903914830769,0,0.5105253019728,0,0.28043554971951,0
"492","X491",0,0.109318011848833,0,0.890681988151167,0,0
"493","X492",0,0,0.203805509743401,0.796194490256599,0,0
"494","X493",0,0.538136003665473,0.0690608278967184,0.392803168437809,0,0
"495","X494",0,0,1,0,0,0
"496","X495",0.212012617054973,0,0.787987382945026,0,0,0
"497","X496",0.519015495976086,0.234656588396518,0.246327915627395,0,0,0
"498","X497",0,0,0.226876204843328,0.773123795156672,0,0
"499","X498",0,0,0.335967293061245,0.664032706938755,0,0
"500","X499",0,0,0,1,0,0
"501","X500",0,0,0.41630765827601,0.58369234172399,0,0
"502","X501",0,0.225651317102641,0,0.774348682897359,0,0
"503","X502",0.242694225964313,0,0.129904863361421,0.627400910674266,0,0
"504","X503",0,0.708512027781444,0.161749432323388,0.129738539895168,0,0
"505","X504",0,0.641177875428316,0.222506535223046,0,0.136315589348638,0
"506","X505",0,0,0.248303689083993,0.751696310916007,0,0
"507","X506",0,0,0.0625765540612653,0.937423445938735,0,0
"508","X507",0,0.197906197652984,0,0.802093802347016,0,0
"509","X508",0.260900119306681,0,0,0.739099880693319,0,0
"510","X509",0.172475432973985,0.518276065065033,0.309248501960983,0,0,0
"511","X510",0.702759113153641,0,0,0.297240886846359,0,0
"512","X511",0,0.394479407039628,0.0726623307857239,0.532858262174648,0,0
"513","X512",0,0,0.381859342619038,0.618140657380962,0,0
"514","X513",0.0458972780328962,0.046529188404644,0,0.271772237543252,0.635801296019208,0
"515","X514",0,0,0.285832440466233,0.714167559533767,0,0
"516","X515",0.360058201177225,0,0.0787477898217726,0.561194009001003,0,0
"517","X516",0,0.056882764514985,0.155821082858606,0.787296152626409,0,0
"518","X517",0,0.444717195886358,0,0.555282804113642,0,0
"519","X518",0.368385030031144,0,0,0.631614969968856,0,0
"520","X519",0,0.0860934725752793,0.112153118075497,0.801753409349224,0,0
"521","X520",0,0,0.209549041811247,0.790450958188753,0,0
"522","X521",0.0970352392368659,0,0,0.902964760763134,0,0
"523","X522",0.652432653839763,0.0443923073343724,0.1175231280887,0.185651910737165,0,0
"524","X523",0,0,0,1,0,0
"525","X524",0,0,0.276957568767064,0.723042431232936,0,0
"526","X525",0,0.833245970503647,0,0.166754029496353,0,0
"527","X526",0.203786009694432,0.143999993642938,0,0.652213996662629,0,0
"528","X527",0,0,0,1,0,0
"529","X528",0,0,0.319012204439079,0.680987795560921,0,0
"530","X529",0,0.0555114854159753,0.23748476675861,0.707003747825415,0,0
"531","X530",0.42423474605525,0,0.132594115490106,0.443171138454644,0,0
"532","X531",0,0,0,1,0,0
"533","X532",0.395030248231677,0,0.0761130715144205,0.528856680253903,0,0
"534","X533",0,0,0.368974673808165,0.631025326191835,0,0
"535","X534",0.631531091773811,0.192318942393005,0.176149965833185,0,0,0
"536","X535",0.246598132509353,0,0.368436455450268,0.384965412040379,0,0
"537","X536",0,0,0.301463072325282,0.698536927674718,0,0
"538","X537",0.339913292833388,0.0683501739210366,0.220585181525713,0.371151351719862,0,0
"539","X538",0,0.161414532638219,0,0.838585467361782,0,0
"540","X539",0,0.600033129632184,0.0817528048040548,0.318214065563761,0,0
"541","X540",0.248636457187446,0,0.197574253689203,0.55378928912335,0,0
"542","X541",0.163755349429345,0,0,0.107184872664292,0.729059777906362,0
"543","X542",0,0.590672029640646,0.409327970359354,0,0,0
"544","X543",0,0.289764303717854,0.16347253086756,0.546763165414586,0,0
"545","X544",0,0.486407167741918,0.06242249334004,0.451170338918042,0,0
"546","X545",0.353907141683942,0.646092858316058,0,0,0,0
"547","X546",0,0.158751416580321,0.0732026659231207,0.768045917496558,0,0
"548","X547",0.349456284515535,0.0669783796074813,0.272261472096,0,0.311303863780983,0
"549","X548",0,0,0.299942057518712,0.700057942481288,0,0
"550","X549",0,0,0.282002446981435,0.717997553018565,0,0
"551","X550",0.285893547604638,0.598829013801623,0,0.115277438593738,0,0
"552","X551",0,0,0.345447809097016,0.654552190902984,0,0
"553","X552",0.299293506563566,0.144899587173056,0.109807471412669,0.445999434850709,0,0
"554","X553",0,0.828438458266638,0.171561541733362,0,0,0
"555","X554",0,0,0.314703867178344,0.685296132821656,0,0
"556","X555",0,0,0.439284208705112,0.560715791294888,0,0
"557","X556",0,0.315840672016394,0,0.684159327983606,0,0
"558","X557",0,0.204030035263814,0.10359838620765,0.126518569996466,0.565853008532069,0
"559","X558",0.104823419129363,0.0557951822818813,0.154196003613683,0.685185394975073,0,0
"560","X559",0.0814947082772785,0.463017134622877,0,0.455488157099844,0,0
"561","X560",0,0.187914662944394,0,0.442299251238528,0.369786085817078,0
"562","X561",0.0626753526633203,0.140409555573797,0.105331864104356,0.691583227658527,0,0
"563","X562",0,0.488355325477299,0.318258175918529,0.193386498604172,0,0
"564","X563",0,0.45988381896916,0.0547493079434057,0.485366873087434,0,0
"565","X564",0.398806564526648,0.255598730735368,0.345594704737984,0,0,0
"566","X565",0,0,0,1,0,0
"567","X566",0,0.618634554328221,0.202603479428363,0.178761966243416,0,0
"568","X567",0.351414599874405,0.540555215063354,0.108030185062241,0,0,0
"569","X568",0.234953476415619,0.0713946378172081,0.0599386954250171,0.633713190342156,0,0
"570","X569",0,0.753856068991499,0.246143931008501,0,0,0
"571","X570",0,0.62202424190418,0.37797575809582,0,0,0
"572","X571",0.24025263935642,0,0.224600154646409,0.535147205997171,0,0
"573","X572",0.375180504026796,0.0534861652867946,0.133161925802896,0.438171404883513,0,0
"574","X573",0,0.765094025340942,0.182951760038275,0.0519542146207832,0,0
"575","X574",0,0,0.4549540470929,0.5450459529071,0,0
"576","X575",0.297323093038461,0.0269830892411741,0.355259923898306,0.320433893822059,0,0
"577","X576",0.784558455808333,0,0.215441544191667,0,0,0
"578","X577",0.352315246135531,0.584201178959449,0,0.06348357490502,0,0
"579","X578",0.419816254390112,0.538793958911939,0,0.0413897866979491,0,0
"580","X579",0,0,0.11383029118788,0.54800578252252,0.3381639262896,0
"581","X580",0,0.723752395644481,0.276247604355519,0,0,0
"582","X581",0,0.1838563019951,0,0.8161436980049,0,0
"583","X582",0,0,0.487046754849106,0.512953245150894,0,0
"584","X583",0,0.118919974936043,0.437486578779517,0.44359344628444,0,0
"585","X584",0,0.24513281049277,0,0.5152820099855,0.239585179521731,0
"586","X585",0,0,0.344681855656952,0.655318144343048,0,0
"587","X586",0,0.650637780601257,0.0892029805016378,0.260159238897105,0,0
"588","X587",0,0,0.163035255107673,0.836964744892327,0,0
"589","X588",0.769583057549188,0,0.230416942450812,0,0,0
"590","X589",0.21238881575197,0.105625832072328,0.1611790768409,0.520806275334802,0,0
"591","X590",0.13389094639174,0.181852174362138,0,0.369895223090687,0.314361656155436,0
"592","X591",0,0,0.381372827349622,0.618627172650378,0,0
"593","X592",0.15753434579004,0,0.111363131464012,0,0.731102522745948,0
"594","X593",0,0.765550145909599,0.234449854090401,0,0,0
"595","X594",0,0.0659657195988282,0.32172897893801,0.612305301463162,0,0
"596","X595",0.0554275197246223,0.944572480275378,0,0,0,0
"597","X596",0.259287130336431,0,0.12081759286552,0.619895276798049,0,0
"598","X597",0,0.730864916231559,0.269135083768441,0,0,0
"599","X598",0.890071544105335,0,0.109928455894665,0,0,0
"600","X599",0.207346983811012,0,0.1437238933984,0.648929122790588,0,0
"601","X600",0,0.44457925924451,0,0.55542074075549,0,0
"602","X601",0.153822298843863,0,0.206901401007906,0.639276300148231,0,0
"603","X602",0,0.200161401459043,0,0.799838598540957,0,0
"604","X603",0.357739057525167,0.0480392839823547,0.498373314516403,0.0958483439760749,0,0
"605","X604",0.170844900098329,0,0.059686943062974,0.14622015012399,0.623248006714707,0
"606","X605",0,0,0.244303752870265,0,0.755696247129735,0
"607","X606",0,0.077043713156576,0.157108581939932,0.765847704903493,0,0
"608","X607",0,0.409877777415831,0.0915552075305195,0.498567015053649,0,0
"609","X608",0,0.89599281108508,0.10400718891492,0,0,0
"610","X609",0,0,0.171940521396885,0.828059478603116,0,0
"611","X610",0.0935727347082921,0.192500701921015,0,0.713926563370693,0,0
"612","X611",0.36943021508593,0,0.63056978491407,0,0,0
"613","X612",0,0,0.299060393827675,0.700939606172325,0,0
"614","X613",0,0.0860736291037811,0.26614315035956,0.647783220536659,0,0
"615","X614",0,0.049668391497451,0.0737221634787219,0.509887154623209,0.366722290400618,0
"616","X615",0,0.296832582401711,0,0.199245463243291,0.503921954354999,0
"617","X616",0,0.600283220257001,0,0.399716779742999,0,0
"618","X617",0,0.0542665936863511,0.335595382782616,0.610138023531033,0,0
"619","X618",0,0.643019482561258,0.2419770250983,0.115003492340442,0,0
"620","X619",0,0,0.0934446512315629,0.906555348768437,0,0
"621","X620",0.159524523795853,0.682562531219695,0,0.157912944984452,0,0
"622","X621",0,0.399231329355885,0,0,0.600768670644115,0
"623","X622",0,0.0487245368934782,0,0.951275463106522,0,0
"624","X623",0.283989576531295,0.027516904242214,0.559257760065277,0,0.129235759161214,0
"625","X624",0,0.874133758387212,0,0.125866241612788,0,0
"626","X625",0,0,0.340402559998902,0,0.659597440001098,0
"627","X626",0,0,0.107845241784746,0.892154758215254,0,0
"628","X627",0,0.735630704572062,0.264369295427938,0,0,0
"629","X628",0,0.819471284703377,0.180528715296623,0,0,0
"630","X629",0,0,0.17292220068637,0.82707779931363,0,0
"631","X630",0.139822556891928,0,0.1471422221089,0.713035220999173,0,0
"632","X631",0,0.0531897525171298,0.159020977144778,0.787789270338092,0,0
"633","X632",0,0,0.469788380779882,0.530211619220118,0,0
"634","X633",0,0.909777667526448,0.0902223324735515,0,0,0
"635","X634",0,0,0.314879401593521,0.685120598406479,0,0
"636","X635",0.424201601637704,0,0.264671560572942,0.311126837789353,0,0
"637","X636",0,0.342178658605125,0.0721711654720094,0.585650175922866,0,0
"638","X637",0,0,0.125453879971256,0.33723416248434,0.537311957544404,0
"639","X638",0.635333341696833,0,0.364666658303167,0,0,0
"640","X639",0.492162841069453,0.507837158930547,0,0,0,0
"641","X640",0,0,0.243714458981085,0.756285541018915,0,0
"642","X641",0.171163255674497,0,0.183785182792132,0.645051561533371,0,0
"643","X642",0,0,1,0,0,0
"644","X643",0.71577460685126,0,0.28422539314874,0,0,0
"645","X644",0.210954493091425,0.18849459359856,0.0429445972854649,0.557606316024551,0,0
"646","X645",0.138603978889135,0,0,0.861396021110865,0,0
"647","X646",0,0,0.110707295186022,0.889292704813978,0,0
"648","X647",0,0,1,0,0,0
"649","X648",0,0.0521247804219325,0.365036563715482,0.582838655862585,0,0
"650","X649",0.579610203304159,0,0.420389796695841,0,0,0
"651","X650",0,0.775887475551484,0,0.224112524448516,0,0
"652","X651",0.127593416045842,0.114402865254669,0.121796775502618,0.636206943196871,0,0
"653","X652",0,0,0,0.65993086185951,0.34006913814049,0
"654","X653",0.512637055568253,0.0356042098846152,0.451758734547132,0,0,0
"655","X654",0.331884991239579,0.0559260236971335,0.361837641494764,0.250351343568524,0,0
"656","X655",0.0551575116963126,0.827509708124389,0.117332780179298,0,0,0
"657","X656",0,0.125423022408469,0.194194425502688,0.680382552088843,0,0
"658","X657",0,0.0632853955021843,0.0884528854096302,0.848261719088185,0,0
"659","X658",0,0,0.179141620814944,0.820858379185056,0,0
"660","X659",0,0.557657829973109,0.135573352444134,0.306768817582758,0,0
"661","X660",0,0,0.736199712681418,0.263800287318582,0,0
"662","X661",0,0,0.51279646597915,0.48720353402085,0,0
"663","X662",0,0.766920330136598,0,0.233079669863402,0,0
"664","X663",0.548391134125135,0.451608865874865,0,0,0,0
"665","X664",0,0,0,0.748281102303372,0.251718897696628,0
"666","X665",0,0.207710407991767,0.25260553469242,0.539684057315813,0,0
"667","X666",0,0.0699271109940328,0.161223254559496,0.768849634446472,0,0
"668","X667",0.162604700284659,0.264831350369548,0.0428046219490145,0,0.529759327396779,0
"669","X668",0,0.670835129277046,0.329164870722954,0,0,0
"670","X669",0,0,0,1,0,0
"671","X670",0.385128801634645,0,0,0.614871198365355,0,0
"672","X671",0.278415382446136,0,0,0.721584617553864,0,0
"673","X672",1,0,0,0,0,0
"674","X673",0.204138963759788,0.464071939845563,0.127689057198328,0.204100039196321,0,0
"675","X674",0.446145143420318,0.437999854060451,0.115855002519231,0,0,0
"676","X675",0.468605293178304,0,0.179453969124662,0.351940737697034,0,0
"677","X676",0.923526640378238,0,0.0764733596217616,0,0,0
"678","X677",0.13156823681657,0.0617233013568863,0,0.806708461826544,0,0
"679","X678",0.41375354839376,0,0.586246451606241,0,0,0
"680","X679",0,0.434730966121887,0.565269033878113,0,0,0
"681","X680",0,0,0.300504088279563,0.699495911720437,0,0
"682","X681",0.041191054736629,0,0.313490196642718,0,0.645318748620653,0
"683","X682",0.231474900616531,0,0,0.768525099383469,0,0
"684","X683",0,0.389269222413865,0.202069443022748,0.408661334563387,0,0
"685","X684",0,0,0.269003137620317,0.730996862379683,0,0
"686","X685",0.137406093061801,0.0788302882433851,0,0.4830010687728,0.224369509158554,0.0763930407634604
"687","X686",0,0,0.184537192466694,0.815462807533305,0,0
"688","X687",0.127036589325636,0.0991338896186163,0.0684922142539227,0.705337306801824,0,0
"689","X688",0,0.577498348924669,0.422501651075331,0,0,0
"690","X689",0,0.308761457962863,0.121564210862585,0.569674331174551,0,0
"691","X690",0.345222278739691,0,0.455789761957739,0.141338390151983,0.0576495691505866,0
"692","X691",0,0,0.188451252998408,0.811548747001592,0,0
"693","X692",0.34415042078532,0,0.0776987055154462,0.578150873699234,0,0
"694","X693",0,0.34561811755366,0,0.654381882446341,0,0
"695","X694",0,0.421850109116205,0.114316449624017,0.463833441259778,0,0
"696","X695",0.267327704676819,0.430682563157698,0.301989732165483,0,0,0
"697","X696",0,0,0.19923998407223,0.80076001592777,0,0
"698","X697",0.0548825207752717,0.423874553631998,0.0408817129367085,0.480361212656022,0,0
"699","X698",0,0,0,1,0,0
"700","X699",0.10336012209213,0,0.162031428895608,0.734608449012263,0,0
"701","X700",0,0,0.278654637495254,0.721345362504746,0,0
"702","X701",0,0.119644157582531,0.0956070395167577,0.784748802900711,0,0
"703","X702",0,0.187266310409457,0.10678768289913,0.705946006691414,0,0
"704","X703",0,0.398706050404576,0.349309030612388,0.251984918983035,0,0
"705","X704",0,0,0.48294444108219,0.51705555891781,0,0
"706","X705",0.0769254232914404,0.503284848992904,0.080760930679331,0.339028797036324,0,0
"707","X706",0.822782931433048,0,0.177217068566952,0,0,0
"708","X707",0,0.420105408786288,0,0.579894591213712,0,0
"709","X708",0.279752801752868,0.0931607740954031,0,0.627086424151729,0,0
"710","X709",0,0.544644278544286,0.297286315331215,0.158069406124499,0,0
"711","X710",0.128367419236214,0.290469851446708,0.085251917370423,0,0.495910811946655,0
"712","X711",0.41002624127952,0,0.58997375872048,0,0,0
"713","X712",0,0.287528355405636,0.525202168728842,0.187269475865521,0,0
"714","X713",0.138364123495789,0,0.076148315246374,0.43012769730618,0.355359863951657,0
"715","X714",0,0.208950727108704,0,0.204435631218069,0.586613641673227,0
"716","X715",0.166393082308422,0,0,0.833606917691578,0,0
"717","X716",0.40006412769736,0,0,0.59993587230264,0,0
"718","X717",0,0,0.182707647181778,0.817292352818222,0,0
"719","X718",0,0.951286285529424,0,0.0487137144705757,0,0
"720","X719",0,0.199273654327776,0,0.800726345672224,0,0
"721","X720",0,0,0.45644737773348,0.54355262226652,0,0
"722","X721",0.592741879204436,0,0.407258120795564,0,0,0
"723","X722",0,0,0.466546115486027,0.533453884513973,0,0
"724","X723",0,0.177023088869033,0.174269208075446,0.648707703055521,0,0
"725","X724",0,0.0670352422433322,0.230253267302308,0.702711490454359,0,0
"726","X725",0,0.335895242122387,0.488780522816466,0.175324235061148,0,0
"727","X726",0,0.232468109362054,0.3365107756085,0.431021115029446,0,0
"728","X727",0.117846948935649,0,0.347301162338338,0.534851888726013,0,0
"729","X728",0.454232561324601,0.199824662613754,0,0.345942776061644,0,0
"730","X729",0.0533661078429739,0.0535733631609831,0,0.58655035107399,0,0.306510177922053
"731","X730",0.123112860999211,0.636449020474045,0.134680098846669,0.105758019680075,0,0
"732","X731",0,0.356460311217849,0.19709290383701,0.44644678494514,0,0
"733","X732",0,0.373070405178514,0.626929594821486,0,0,0
"734","X733",0.713208079526179,0,0.286791920473821,0,0,0
"735","X734",0.281664010086869,0.288109341064326,0.147815279487304,0,0.282411369361501,0
"736","X735",0.414149984577047,0,0,0.585850015422953,0,0
"737","X736",0,0,0,1,0,0
"738","X737",0,0.0548119667712768,0,0.945188033228723,0,0
"739","X738",0.804237415344069,0,0.195762584655931,0,0,0
"740","X739",0.232597234652445,0,0.691301508410963,0.0761012569365917,0,0
"741","X740",0,0.407933791547049,0,0,0.592066208452951,0
"742","X741",0,0.107008282014105,0,0.892991717985895,0,0
"743","X742",0.2299409557857,0,0,0.7700590442143,0,0
"744","X743",0,0.105194058744711,0.366939206538041,0.527866734717249,0,0
"745","X744",0,0.81359867275189,0,0.18640132724811,0,0
"746","X745",0.0485933853865664,0,0,0.142131925507473,0.80927468910596,0
"747","X746",0,0.31083984061129,0,0.68916015938871,0,0
"748","X747",0.399143110166066,0.0751375090686519,0.373687067844273,0.152032312921009,0,0
"749","X748",0.315093777561804,0.0886005042612534,0.169719321974903,0.426586396202039,0,0
"750","X749",0.0631263977290917,0,0.155857300932475,0,0.781016301338434,0
"751","X750",0,0,0.207756024352222,0.792243975647778,0,0
"752","X751",0,0,0,1,0,0
"753","X752",0.187516475391729,0.184642710312996,0,0.627840814295274,0,0
"754","X753",0.577872982187297,0,0.422127017812703,0,0,0
"755","X754",0,0,0.223842019556497,0,0.776157980443503,0
"756","X755",0,0,0,1,0,0
"757","X756",0.14729652360486,0.10091735156277,0,0.75178612483237,0,0
"758","X757",0.177372098375084,0.176108460961145,0,0.560394853742082,0,0.0861245869216888
"759","X758",0.158691848422439,0,0,0.841308151577561,0,0
"760","X759",0,0,0.289373060137088,0.710626939862912,0,0
"761","X760",0,0.112094196097387,0.0938704949318647,0.666011665267699,0.128023643703049,0
"762","X761",0,0.0572485087177096,0.202560070144219,0.740191421138072,0,0
"763","X762",0.445946063997919,0,0,0.554053936002081,0,0
"764","X763",0,0,0.799819977764223,0.200180022235777,0,0
"765","X764",0,0.0542522176195313,0.122966608504334,0.822781173876135,0,0
"766","X765",0.0968684099319445,0.733440785066106,0,0.169690805001949,0,0
"767","X766",0,0.343772921333129,0,0.504746835940643,0.151480242726228,0
"768","X767",0.507590675085615,0.0636830386593226,0,0.428726286255062,0,0
"769","X768",0.0817423068002079,0.656877671017493,0,0.261380022182299,0,0
"770","X769",0.143702635714891,0,0,0.856297364285109,0,0
"771","X770",0.455726165242027,0.117013150884137,0.427260683873836,0,0,0
"772","X771",0,0,0.366403368291701,0.633596631708299,0,0
"773","X772",0,0,0.154486439747256,0.845513560252744,0,0
"774","X773",0.370678518278603,0,0.202538520176631,0.426782961544766,0,0
"775","X774",0,0.585588422102744,0.414411577897256,0,0,0
"776","X775",0,0.692863791377772,0,0.20984967825007,0,0.0972865303721583
"777","X776",0,0,0.616970418152393,0.383029581847607,0,0
"778","X777",0,0.774276184699793,0,0.225723815300207,0,0
"779","X778",0,0,0.100972874244749,0.497367461136571,0.401659664618679,0
"780","X779",0.210326747518559,0,0.291755284852027,0.497917967629414,0,0
"781","X780",0,0,0.257183589802991,0.742816410197009,0,0
"782","X781",0,0.0576222407061874,0.159267982126347,0.783109777167466,0,0
"783","X782",0,0.168420113454355,0,0.831579886545645,0,0
"784","X783",0,0,0.923089668580092,0.0769103314199084,0,0
"785","X784",0,0,0.171888800995289,0,0.828111199004712,0
"786","X785",0.518653787058591,0.169152098529362,0,0.312194114412046,0,0
"787","X786",0.113654951179425,0,0,0.886345048820575,0,0
"788","X787",0.3955104171123,0.0819559291795689,0.201081362683137,0.321452291024994,0,0
"789","X788",0,0.223135840701392,0,0.776864159298608,0,0
"790","X789",0.158065062238196,0,0,0.228999331089124,0.612935606672679,0
"791","X790",0.267365668658463,0.0998775485043348,0.383382493765004,0.249374289072198,0,0
"792","X791",0.589825186552116,0,0.410174813447884,0,0,0
"793","X792",0,0,0.250080316155466,0.749919683844533,0,0
"794","X793",0.177632383139718,0,0,0.822367616860281,0,0
"795","X794",0.552995134464049,0.384064135522252,0.0629407300136986,0,0,0
"796","X795",0,0,0,1,0,0
"797","X796",0.207113606416651,0.0837616989455511,0,0.709124694637797,0,0
"798","X797",0,0.453492452478303,0.135901906654492,0,0.410605640867206,0
"799","X798",0,0.0788064373619298,0.159991431706901,0.502456291912048,0.258745839019121,0
"800","X799",0.322541439044344,0.575411571865181,0.102046989090475,0,0,0
"801","X800",0,0,0,1,0,0
"802","X801",0,0.0947936307750858,0.154056372522283,0.751149996702631,0,0
"803","X802",0.171054629161264,0.0937997554555602,0,0.735145615383176,0,0
"804","X803",0.0760000942260658,0,0.105326647773458,0.818673258000476,0,0
"805","X804",0,0.200392630008915,0.157903358281448,0.641704011709637,0,0
"806","X805",0,0.0589875374286952,0.10949312991182,0.831519332659485,0,0
"807","X806",0.124468908238299,0.210900919114243,0,0.19293891089184,0.471691261755618,0
"808","X807",0,0.500091729407533,0,0.499908270592467,0,0
"809","X808",0,0.0895280428279796,0.0697109125511451,0.840761044620875,0,0
"810","X809",0.143846345230691,0.265187438609228,0,0.590966216160082,0,0
"811","X810",0.0945868349699663,0.905413165030034,0,0,0,0
"812","X811",0,0,0.161064705205936,0.838935294794064,0,0
"813","X812",0.217987183770969,0,0,0.782012816229031,0,0
"814","X813",0.301650716506154,0.0710420347340422,0.195316509632022,0.431990739127782,0,0
"815","X814",0,0,0.324925004160605,0.675074995839395,0,0
"816","X815",0,0.242415161287395,0.0524546196419038,0,0.705130219070701,0
"817","X816",0,0.214577783766225,0.0815965124196094,0.703825703814166,0,0
"818","X817",0.384798376438539,0.542384110045759,0,0.0728175135157014,0,0
"819","X818",0.485365143643351,0.514634856356649,0,0,0,0
"820","X819",0,0,0.201085570681082,0.798914429318918,0,0
"821","X820",0.197572420761486,0.0624849916271753,0.334998199387782,0.404944388223556,0,0
"822","X821",0,0.569021763273088,0.182415212115951,0.24856302461096,0,0
"823","X822",0.601431293594875,0.0761324392430416,0.0789224815963121,0.243513785565772,0,0
"824","X823",0,0.122072546030638,0.212601574949803,0.665325879019558,0,0
"825","X824",0,0.14547962548385,0,0.85452037451615,0,0
"826","X825",0,0.385584202782287,0.138803211072774,0.475612586144939,0,0
"827","X826",0.400375058751253,0,0.288355299005232,0,0,0.311269642243515
"828","X827",0.0773096979422438,0.104506336008611,0.351740145714104,0.466443820335041,0,0
"829","X828",0,0,0.104765419808875,0.319315330821182,0.575919249369944,0
"830","X829",0,0,0,1,0,0
"831","X830",0.0848596478253044,0.180553767537503,0,0.734586584637193,0,0
"832","X831",0,0,0.128444384810142,0.871555615189858,0,0
"833","X832",0.283780203127682,0,0.113188061795175,0.461320271870964,0.141711463206179,0
"834","X833",0.144830220230054,0.0641399464475929,0.213814755892022,0.577215077430331,0,0
"835","X834",0,1,0,0,0,0
"836","X835",0,0.633059660707922,0.366940339292078,0,0,0
"837","X836",0.328335545412257,0.671664454587743,0,0,0,0
"838","X837",0,0.296473403162415,0.0725199506660933,0.631006646171492,0,0
"839","X838",0.525521218493841,0.36997730329718,0.104501478208978,0,0,0
"840","X839",0.652670007905934,0,0,0.347329992094066,0,0
"841","X840",0,0,0.26396204896691,0.73603795103309,0,0
"842","X841",0,0.627488180009149,0,0.372511819990851,0,0
"843","X842",0,0.35257720400194,0.156127921357632,0.491294874640428,0,0
"844","X843",0.259976701763827,0,0.740023298236173,0,0,0
"845","X844",0,0.0851786772299896,0.102298304511179,0.812523018258832,0,0
"846","X845",0,0,0.40562975180506,0.59437024819494,0,0
"847","X846",0,0,1,0,0,0
"848","X847",0.0844737751862984,0.807002350322354,0.108523874491348,0,0,0
"849","X848",0.298193300613963,0.0497573478863839,0.267250050209348,0.384799301290305,0,0
"850","X849",0,0.34009410110808,0.211601857342927,0.448304041548993,0,0
"851","X850",0,0.526389177578946,0.473610822421054,0,0,0
"852","X851",0.101693904254559,0.302354124510359,0,0.595951971235082,0,0
"853","X852",0.176362090592808,0.24804502824135,0,0.575592881165842,0,0
"854","X853",0.177299397677287,0.572383145810256,0.184760993355941,0.0655564631565166,0,0
"855","X854",0.0789810071387319,0.289760675453785,0,0.631258317407483,0,0
"856","X855",0,0.840868644243334,0,0.159131355756667,0,0
"857","X856",0,0.0592597643798831,0.216752128443952,0.723988107176165,0,0
"858","X857",0,0.0680037695098881,0.0636263066471923,0.469430310597562,0.398939613245358,0
"859","X858",0,0,0.647636976306012,0,0,0.352363023693988
"860","X859",0.348159089384763,0,0.0980574009235376,0.553783509691699,0,0
"861","X860",0.435849459956129,0,0.135749542000678,0.428400998043192,0,0
"862","X861",0.241909926390448,0.158942949655382,0.16089614816126,0.43825097579291,0,0
"863","X862",0,0.188624642756956,0.147355868055363,0.664019489187681,0,0
"864","X863",0,0,0.0875135430597344,0.47981687187893,0.432669585061335,0
"865","X864",0.558366901487514,0,0.441633098512486,0,0,0
"866","X865",0.106871218542318,0.402207291706747,0.082382444470717,0.408539045280218,0,0
"867","X866",0.639062326140736,0,0,0.360937673859264,0,0
"868","X867",0.447190964442741,0.153492596198318,0.137617602344665,0.261698837014276,0,0
"869","X868",0.582519808745421,0.321314579547539,0.0961656117070406,0,0,0
"870","X869",0,0.579181879891365,0.338940528918902,0.0818775911897332,0,0
"871","X870",0,0,0.286032593102879,0.713967406897121,0,0
"872","X871",0,0,0.151986877622972,0.848013122377028,0,0
"873","X872",0.11830575841888,0,0.36670187063877,0.51499237094235,0,0
"874","X873",0.164140944649037,0.619108172667254,0,0.21675088268371,0,0
"875","X874",0,0,1,0,0,0
"876","X875",0,0.13714267199286,0.669447868813783,0.193409459193357,0,0
"877","X876",0,0.837690331149131,0.162309668850869,0,0,0
"878","X877",0.348847407924166,0.273700292358131,0.377452299717704,0,0,0
"879","X878",0.525952871939043,0,0.474047128060957,0,0,0
"880","X879",0,0.280452657600168,0,0.719547342399832,0,0
"881","X880",0.180573652484853,0.315853869956491,0,0.503572477558656,0,0
"882","X881",0,0,1,0,0,0
"883","X882",0,0.330355916952173,0.113148223460732,0.556495859587094,0,0
"884","X883",0,0.227701442600905,0,0.772298557399094,0,0
"885","X884",0.058011643184814,0.69662260009404,0,0,0,0.245365756721146
"886","X885",0,0,0.234486491971825,0.765513508028175,0,0
"887","X886",0,0.301933101222417,0,0.698066898777583,0,0
"888","X887",0,0,0.425540330139567,0.574459669860433,0,0
"889","X888",0.332467011397255,0.55893546429845,0,0.108597524304295,0,0
"890","X889",0,0.480635540492062,0,0.519364459507938,0,0
"891","X890",0.234429410201218,0,0.181546884701813,0.584023705096969,0,0
"892","X891",0.0459567558544951,0,0,0.160817694739983,0.793225549405522,0
"893","X892",0,0,0.258446004531452,0.741553995468548,0,0
"894","X893",0,0.0969992583674628,0.413078024228651,0.489922717403886,0,0
"895","X894",0.160264725685098,0,0.149678008921018,0.690057265393883,0,0
"896","X895",0.232797275397646,0.311820576712863,0,0.455382147889491,0,0
"897","X896",0.244435622546812,0,0,0.755564377453188,0,0
"898","X897",0.780008616375679,0,0,0.219991383624321,0,0
"899","X898",0.337201181063786,0.174441438515282,0,0.488357380420933,0,0
"900","X899",0.207660670948565,0,0,0.792339329051435,0,0
"901","X900",0,0.219712830622885,0,0.178109518554449,0.602177650822666,0
"902","X901",0,0,1,0,0,0
"903","X902",0,0.344931350444957,0.118308641339818,0.536760008215225,0,0
"904","X903",0,0,0.102276320895492,0.897723679104508,0,0
"905","X904",0,0,0.137838497160592,0.0434153646509847,0.818746138188423,0
"906","X905",0.249070947531392,0,0.191560062056609,0.559368990411999,0,0
"907","X906",0,0.570749074036581,0.338731599107947,0.0905193268554724,0,0
"908","X907",0,0.065317251911966,0.33876057238127,0.595922175706764,0,0
"909","X908",0.248503675453771,0.0872677523601063,0,0,0.664228572186122,0
"910","X909",0.13249613243575,0.440865457045212,0,0.426638410519038,0,0
"911","X910",0,0,0.240909580589516,0.759090419410484,0,0
"912","X911",0.134315533548893,0.865684466451107,0,0,0,0
"913","X912",0.0982819318201806,0,0.367566255639166,0,0,0.534151812540654
"914","X913",0,0.339485503965101,0.0827384898834503,0.577776006151448,0,0
"915","X914",0.202661878113205,0,0.206401916039723,0.590936205847073,0,0
"916","X915",0,0.127291894042608,0,0.872708105957392,0,0
"917","X916",0.0829873911461105,0,0.204623857342611,0.712388751511278,0,0
"918","X917",0,0.0540630677754105,0.279225964008102,0.666710968216487,0,0
"919","X918",0,0.879641923691453,0,0.120358076308547,0,0
"920","X919",0.174127197331745,0,0.417503709596403,0.408369093071852,0,0
"921","X920",0,0,0.339477185174933,0.660522814825067,0,0
"922","X921",0,0,0.232710877860562,0.767289122139438,0,0
"923","X922",0.256557968159783,0,0.0985746173560824,0.644867414484135,0,0
"924","X923",0.240611414145302,0.0709778090149586,0,0.550298179961755,0.138112596877984,0
"925","X924",0,0.38467142715276,0.342674586815654,0.272653986031585,0,0
"926","X925",0.95343185414839,0.0465681458516105,0,0,0,0
"927","X926",0.365803100398849,0.430192625506586,0,0.204004274094565,0,0
"928","X927",0.127983586959807,0.0659895827455705,0,0.806026830294622,0,0
"929","X928",0.140799187173335,0,0.34845193246065,0.510748880366015,0,0
"930","X929",0.116369897888998,0.406311787080813,0.137533763711038,0.339784551319151,0,0
"931","X930",0.10125097511207,0.397064063835749,0,0.50168496105218,0,0
"932","X931",0.438923110395878,0.561076889604122,0,0,0,0
"933","X932",0,0,0.202227358870872,0.797772641129128,0,0
"934","X933",0,0.715344781825322,0.192960423155954,0.0916947950187231,0,0
"935","X934",0,0.422868488357078,0.577131511642922,0,0,0
"936","X935",0.675137089750219,0.0804852000406756,0.167666350498663,0.0767113597104434,0,0
"937","X936",0,0.378887082027629,0,0.621112917972371,0,0
"938","X937",0,0.282986697382088,0,0,0.717013302617912,0
"939","X938",0,0,0.171817601926191,0.828182398073809,0,0
"940","X939",0,0,0,1,0,0
"941","X940",0.376486546613129,0.493792053232701,0.12972140015417,0,0,0
"942","X941",0,0.220052252062402,0.125603153061369,0.654344594876229,0,0
"943","X942",0,0.98362147889301,0,0.0163785211069902,0,0
"944","X943",0,0,0.098306927205155,0.901693072794845,0,0
"945","X944",0.173548289289619,0,0.173571995254254,0.652879715456127,0,0
"946","X945",0,0,0.199055108766477,0.800944891233523,0,0
"947","X946",0,0,0.221646531050995,0.778353468949005,0,0
"948","X947",0,0.0440324979340342,0,0.955967502065966,0,0
"949","X948",0.239566187601944,0,0.20386702489453,0.556566787503526,0,0
"950","X949",0.54216469425321,0.45783530574679,0,0,0,0
"951","X950",0.33781244081396,0.66218755918604,0,0,0,0
"952","X951",0.144959857173809,0,0.193858805162566,0.661181337663625,0,0
"953","X952",0,0.96720428108003,0,0.03279571891997,0,0
"954","X953",0,0,0.11042350961678,0.88957649038322,0,0
"955","X954",0,0,0.290109969141896,0.444735784517761,0.265154246340343,0
"956","X955",0,0.713414269344045,0,0.142294744865362,0,0.144290985790594
"957","X956",0,0.187179707311757,0.256618024280195,0.556202268408048,0,0
"958","X957",0.288374620708673,0,0.155016664271064,0.556608715020263,0,0
"959","X958",0,0,0.151908990689981,0.848091009310019,0,0
"960","X959",0.135548721994639,0,0,0.864451278005361,0,0
"961","X960",0,0.0722997863021638,0.0972139670304041,0.830486246667432,0,0
"962","X961",0,0.840387793820977,0,0,0.159612206179023,0
"963","X962",0.438259088500397,0,0,0.561740911499603,0,0
"964","X963",0,0,0.131982331336561,0.868017668663439,0,0
"965","X964",0.190602085829922,0,0.118592005832465,0.690805908337614,0,0
"966","X965",0.789243887727158,0,0.210756112272842,0,0,0
"967","X966",0,0,0.428968837704751,0.571031162295249,0,0
"968","X967",0.0774675932484129,0,0.37991748421255,0.542614922539037,0,0
"969","X968",0,0,0.20247809105499,0.79752190894501,0,0
"970","X969",0.121069278426335,0,0,0.878930721573665,0,0
"971","X970",0,0.19003242319272,0.112482948262997,0.697484628544284,0,0
"972","X971",0.397054575013011,0,0.0591592541602574,0,0.543786170826731,0
"973","X972",0,0.19479405354418,0.0785575667568876,0.726648379698933,0,0
"974","X973",0,0.0895863943175628,0.616333680254897,0.29407992542754,0,0
"975","X974",0,0,0.180352484145902,0.819647515854098,0,0
"976","X975",0,0.0720737776207196,0,0.341273562181578,0.586652660197703,0
"977","X976",0.237200702140008,0,0.490175351431469,0.272623946428524,0,0
"978","X977",0,0,0.0403972185529167,0,0.959602781447083,0
"979","X978",0,0.156370661575928,0.124589832153466,0.719039506270605,0,0
"980","X979",0.594431241603617,0.0675979463065992,0.209490297254939,0.128480514834845,0,0
"981","X980",0,0.276840195426594,0.183609061643447,0.53955074292996,0,0
"982","X981",0.475846494239648,0.524153505760352,0,0,0,0
"983","X982",0,0.843580974937652,0.156419025062348,0,0,0
"984","X983",0.515472928754317,0.0655247697673045,0.154815937695526,0.264186363782852,0,0
"985","X984",0.589683386326236,0,0,0.410316613673764,0,0
"986","X985",0,0.436067269058818,0.241059768264368,0.322872962676813,0,0
"987","X986",0.235940805781538,0.0503942405952353,0.167252756736391,0.546412196886836,0,0
"988","X987",0.29475165961462,0.080032929757043,0.2950006091693,0.330214801459037,0,0
"989","X988",0.111891366324182,0,0.160437043116494,0.727671590559324,0,0
"990","X989",0,0.391032038545115,0,0.608967961454885,0,0
"991","X990",0,0,1,0,0,0
"992","X991",0,0,0.152221985976116,0.464541117365993,0.38323689665789,0
"993","X992",0,0.277039061409166,0,0.722960938590834,0,0
"994","X993",0.106152438952635,0.229509414293531,0,0.664338146753834,0,0
"995","X994",0,0,0.108243120426045,0.307718182579389,0.584038696994566,0
"996","X995",0,0,0.320425475358177,0.679574524641823,0,0
"997","X996",0,0,0.293987758740539,0.706012241259461,0,0
"998","X997",0,0.142990567872917,0.0666126978941982,0.631946473781012,0.158450260451873,0
"999","X998",0,0.0380914612770054,0,0.961908538722995,0,0
"1000","X999",0,0,0.239088214351076,0.760911785648924,0,0
